coord,name,price,url,,,,,,,,,,,,,
"(41.945394555772836, -87.64853583425847)",Premier Boystown Wrigleyville Lakeview Flat,222,https://www.airbnb.com/rooms/13189052,,,,,,,,,,,,,
"(41.92920366378654, -87.72489233194054)",Stylish House close to Train and Downtown Chicago,88,https://www.airbnb.com/rooms/17317443,,,,,,,,,,,,,
"(41.92468607092711, -87.70948463902086)",Logan Square Room+Bath w/Deck!,86,https://www.airbnb.com/rooms/5851766,,,,,,,,,,,,,
"(41.82444190311945, -87.622649560332)",Completely Renovated Townhome Close to McCormick,336,https://www.airbnb.com/rooms/15055798,,,,,,,,,,,,,
"(41.868862484762936, -87.66153867810391)",Vibrant 2 bedroom apt in Taylor St.,91,https://www.airbnb.com/rooms/12136155,,,,,,,,,,,,,
"(41.94818677572494, -87.65822490045967)",Stunning condo steps from Wrigley!,321,https://www.airbnb.com/rooms/7678127,,,,,,,,,,,,,
"(41.93112542490325, -87.70119467458899)",Historic Greystone 3br-Logan Square,189,https://www.airbnb.com/rooms/7869969,,,,,,,,,,,,,
"(41.799047233470915, -87.60390730042909)",Newly Renovated 4BR/2BA Condo @ Historic Hyde Park,296,https://www.airbnb.com/rooms/17000460,,,,,,,,,,,,,
"(41.953724226764535, -87.6958259869593)","Private Room, Private Neighborhood, Great Location",62,https://www.airbnb.com/rooms/15926166,,,,,,,,,,,,,
"(41.892546762155824, -87.61911106643366)",LUXURY Top-Floor Downtown 1 BR Streeterville Apt,220,https://www.airbnb.com/rooms/17389190,,,,,,,,,,,,,
"(41.85517166833518, -87.66191057465463)","Updated, Convenient, Tidy Flat in Pilsen",66,https://www.airbnb.com/rooms/4271551,,,,,,,,,,,,,
"(41.986568341639675, -87.65710708173799)",15 minute bus ride to Michigan Avenue,56,https://www.airbnb.com/rooms/17340683,,,,,,,,,,,,,
"(41.95290623398446, -87.65613140220681)","2 blocks from Wrigley, Clean/Modern 1 bedroom!",140,https://www.airbnb.com/rooms/15701789,,,,,,,,,,,,,
"(41.974999027612256, -87.65463115547223)",Luxury Suite on Lake Michigan,124,https://www.airbnb.com/rooms/5892992,,,,,,,,,,,,,
"(41.94360791813579, -87.66224045761467)",Private Floor near Wrigley Field,152,https://www.airbnb.com/rooms/15759558,,,,,,,,,,,,,
"(41.87759505552239, -87.64995704631254)",West Loop Brick-Timber Loft by UIC Blue Line Stop,208,https://www.airbnb.com/rooms/14708591,,,,,,,,,,,,,
"(41.94306173082632, -87.65946911139244)",Lakeview Apartment,118,https://www.airbnb.com/rooms/17496298,,,,,,,,,,,,,
"(41.85362440472887, -87.62265523262951)",Luxury 2 bedroom city view apt.,341,https://www.airbnb.com/rooms/14141494,,,,,,,,,,,,,
"(41.840184468735636, -87.65247621276109)",Authentic Chicago Apartment in Bridgeport,88,https://www.airbnb.com/rooms/17287254,,,,,,,,,,,,,
"(41.945984268898464, -87.72432943288275)",Private Floor Close to Transit,84,https://www.airbnb.com/rooms/8099577,,,,,,,,,,,,,
"(41.8908871348017, -87.62037032180505)",Stunning View Excellent Location Modern Apt,282,https://www.airbnb.com/rooms/1557103,,,,,,,,,,,,,
"(41.91620070679897, -87.65469069983658)",French Farmhouse in the heart of Lincoln Park,200,https://www.airbnb.com/rooms/15544046,,,,,,,,,,,,,
"(41.8773301633779, -87.64110705347994)",SUNNY ROOM & FREE PARKING 5 MIN TO WILLIS TOWER,87,https://www.airbnb.com/rooms/14169205,,,,,,,,,,,,,
"(41.9505073876568, -87.65809904782508)",1 Bedroom across Wrigley Field,112,https://www.airbnb.com/rooms/13270895,,,,,,,,,,,,,
"(41.91862655145786, -87.64986919797094)",Pearl in the Park,269,https://www.airbnb.com/rooms/8538325,,,,,,,,,,,,,
"(41.89772907530983, -87.68283655127351)",#1 rated neighborhood in Chicago,136,https://www.airbnb.com/rooms/7810030,,,,,,,,,,,,,
"(41.90836876366778, -87.66666551000296)",STYLISH 2BDR IN TRENDY NEIGHBORHOOD,197,https://www.airbnb.com/rooms/5085454,,,,,,,,,,,,,
"(41.90674151650177, -87.66565736925929)",WICKER PK /NOBLE SQUARE Cozy 1 Bd/1 Bath Apartment,122,https://www.airbnb.com/rooms/13172832,,,,,,,,,,,,,
"(41.96517879421715, -87.65434728416253)",Amazing loft style studio W/balcony,110,https://www.airbnb.com/rooms/17448734,,,,,,,,,,,,,
"(41.91000294527903, -87.68413449186073)",Wicker Park|Private Room|Near Train,63,https://www.airbnb.com/rooms/2204244,,,,,,,,,,,,,
"(41.880310503297785, -87.68256969923125)",Cozy room with queen platform bed,56,https://www.airbnb.com/rooms/13915013,,,,,,,,,,,,,
"(41.88192260431714, -87.68336210319077)",Modern 3br duplex 8mins to Dwtn&Bulls. Sale March,302,https://www.airbnb.com/rooms/9797971,,,,,,,,,,,,,
"(41.92455368686469, -87.70258221428789)",2BR Bursting w/ Character in Hip Logan Square!,241,https://www.airbnb.com/rooms/6686012,,,,,,,,,,,,,
"(41.969185289805836, -87.75035948572713)",The Ainslie Apartment,144,https://www.airbnb.com/rooms/14267322,,,,,,,,,,,,,
"(41.87327841241792, -87.6320144748006)",Central Tower Balcony of Chicago,196,https://www.airbnb.com/rooms/9432442,,,,,,,,,,,,,
"(41.9185027695849, -87.67695667612979)",Luxurious Loft - 2BR & 2BATH,168,https://www.airbnb.com/rooms/17093618,,,,,,,,,,,,,
"(41.8737326349587, -87.6475064640936)","SPACIOUS WITH FREE PARKING, 5 MIN TO WILLIS TOWER",87,https://www.airbnb.com/rooms/14015429,,,,,,,,,,,,,
"(41.98599596378534, -87.66769743875548)",Andersonville Living,117,https://www.airbnb.com/rooms/16229723,,,,,,,,,,,,,
"(41.94255815750977, -87.64475834478417)",Cozy 1 bed in Boystown,82,https://www.airbnb.com/rooms/16793287,,,,,,,,,,,,,
"(41.94375728487296, -87.65163604506891)",Charming space in Boystown/Lakeview,106,https://www.airbnb.com/rooms/1056430,,,,,,,,,,,,,
"(41.89453915946958, -87.66523280705465)",Private Cozy Master Bedroom in West Town Chicago,56,https://www.airbnb.com/rooms/16722560,,,,,,,,,,,,,
"(41.84699003193765, -87.68363002487361)",Plzeň Bohème + Meets + Cultura,79,https://www.airbnb.com/rooms/15064745,,,,,,,,,,,,,
"(41.940836121284384, -87.65781474473575)",Lake view private bedroom,156,https://www.airbnb.com/rooms/5874798,,,,,,,,,,,,,
"(41.880687092386566, -87.64117902712057)",Perfect Sightseeing 1 BedRoom With Nice Facilities,212,https://www.airbnb.com/rooms/15289972,,,,,,,,,,,,,
"(41.880696669108474, -87.64218834066241)",Downtown studio high floor B,125,https://www.airbnb.com/rooms/8406911,,,,,,,,,,,,,
"(41.99492432219551, -87.65686645965154)","Great Views, Great Location in Edgewater | 1bd",65,https://www.airbnb.com/rooms/14284784,,,,,,,,,,,,,
"(41.89455993257129, -87.67547618804244)","Cool location, knowledgeable hosts!",71,https://www.airbnb.com/rooms/7659968,,,,,,,,,,,,,
"(41.878988956900734, -87.66397476010209)","Walk to Attractions, Private Garden",224,https://www.airbnb.com/rooms/8827052,,,,,,,,,,,,,
"(41.88455218544491, -87.62624520548086)",Downtown / Loop 2BR Condo - Magnificent Mile -3807,374,https://www.airbnb.com/rooms/16244614,,,,,,,,,,,,,
"(41.904270866208, -87.66726210749073)",The Cutest Wicker Park 1 BDRM Winter Special!!,214,https://www.airbnb.com/rooms/4075630,,,,,,,,,,,,,
"(-87.6637191, 41.9491131)",Two-Bedroom Apartment on North Southport Avenue 2,307,www.booking.com/hotel/us/two-bedroom-apartment-on-north-southport-avenue-2.en-gb.html?label=gen173nr-1FCAQoggJCDWNpdHlfMjAwMzMxNzNIM2IFbm9yZWZyBXVzX2lsiAEBmAEuuAEKyAEF2AEB6AEB-AELqAID,sid=28e69b52be3281ae5b7ba8b2459908ad,checkin=2017-06-06,checkout=2017-06-08,ucfs=1,highlighted_blocks=197418001_97146332_7_0_0,all_sr_blocks=197418001_97146332_7_0_0,room1=A%2CA,hpos=2,dest_type=city,dest_id=20033173,srfid=0b1cd8876c7c85af6e431b7875f982530c585ae2X2,from=searchresults,highlight_room=
"(-87.6378308236599, 41.8879977072017)",Holiday Inn Chicago Mart Plaza River North,227,www.booking.com/hotel/us/holiday-inn-chicago-mart-plaza-riverview.en-gb.html?label=gen173nr-1FCAQoggJCDWNpdHlfMjAwMzMxNzNIM2IFbm9yZWZyBXVzX2lsiAEBmAEuuAEKyAEF2AEB6AEB-AELqAID,sid=28e69b52be3281ae5b7ba8b2459908ad,checkin=2017-06-06,checkout=2017-06-08,ucfs=1,highlighted_blocks=18177505_94324418_2_2_0,all_sr_blocks=18177505_94324418_2_2_0,room1=A%2CA,hpos=5,dest_type=city,dest_id=20033173,srfid=0b1cd8876c7c85af6e431b7875f982530c585ae2X5,from=searchresults,highlight_room=
"(-87.625268, 41.893983)",Conrad Chicago,355,www.booking.com/hotel/us/conrad-chicago-chicago.en-gb.html?label=gen173nr-1FCAQoggJCDWNpdHlfMjAwMzMxNzNIM2IFbm9yZWZyBXVzX2lsiAEBmAEuuAEKyAEF2AEB6AEB-AELqAID,sid=28e69b52be3281ae5b7ba8b2459908ad,checkin=2017-06-06,checkout=2017-06-08,ucfs=1,highlighted_blocks=178869009_98259485_2_2_0,all_sr_blocks=178869009_98259485_2_2_0,room1=A%2CA,hpos=6,dest_type=city,dest_id=20033173,srfid=0b1cd8876c7c85af6e431b7875f982530c585ae2X6,from=searchresults,highlight_room=
"(-87.6318025588989, 41.8759100888627)",The Buckingham Hotel,315,www.booking.com/hotel/us/the-buckingham-athletic-club.en-gb.html?label=gen173nr-1FCAQoggJCDWNpdHlfMjAwMzMxNzNIM2IFbm9yZWZyBXVzX2lsiAEBmAEuuAEKyAEF2AEB6AEB-AELqAID,sid=28e69b52be3281ae5b7ba8b2459908ad,checkin=2017-06-06,checkout=2017-06-08,ucfs=1,highlighted_blocks=18259201_88763710_0_0_0,all_sr_blocks=18259201_88763710_0_0_0,room1=A%2CA,hpos=8,dest_type=city,dest_id=20033173,srfid=0b1cd8876c7c85af6e431b7875f982530c585ae2X8,from=searchresults,highlight_room=
"(-87.5889626650123, 41.8001760582262)",Hyatt Place Chicago-South/University Medical Center,371.5,www.booking.com/hotel/us/hyatt-place-chicago-south-university-medical-center.en-gb.html?label=gen173nr-1FCAQoggJCDWNpdHlfMjAwMzMxNzNIM2IFbm9yZWZyBXVzX2lsiAEBmAEuuAEKyAEF2AEB6AEB-AELqAID,sid=28e69b52be3281ae5b7ba8b2459908ad,checkin=2017-06-06,checkout=2017-06-08,ucfs=1,highlighted_blocks=81444208_93770791_6_1_0,all_sr_blocks=81444208_93770791_6_1_0,room1=A%2CA,hpos=9,dest_type=city,dest_id=20033173,srfid=0b1cd8876c7c85af6e431b7875f982530c585ae2X9,from=searchresults,highlight_room=
"(-87.6293537020683, 41.8749055134627)","Hotel Blake, an Ascend Hotel Collection Member",284,www.booking.com/hotel/us/blake.en-gb.html?label=gen173nr-1FCAQoggJCDWNpdHlfMjAwMzMxNzNIM2IFbm9yZWZyBXVzX2lsiAEBmAEuuAEKyAEF2AEB6AEB-AELqAID,sid=28e69b52be3281ae5b7ba8b2459908ad,checkin=2017-06-06,checkout=2017-06-08,ucfs=1,highlighted_blocks=2338407_95147409_2_0_0,all_sr_blocks=2338407_95147409_2_0_0,room1=A%2CA,hpos=13,dest_type=city,dest_id=20033173,srfid=0b1cd8876c7c85af6e431b7875f982530c585ae2X13,from=searchresults,highlight_room=
"(-87.6321968436241, 41.8922936227198)",Best Western River North Hotel,240,www.booking.com/hotel/us/b-w-river-north-chicago-illinois.en-gb.html?label=gen173nr-1FCAQoggJCDWNpdHlfMjAwMzMxNzNIM2IFbm9yZWZyBXVzX2lsiAEBmAEuuAEKyAEF2AEB6AEB-AELqAID,sid=28e69b52be3281ae5b7ba8b2459908ad,checkin=2017-06-06,checkout=2017-06-08,ucfs=1,highlighted_blocks=5957106_97178219_2_2_0,all_sr_blocks=5957106_97178219_2_2_0,room1=A%2CA,hpos=17,dest_type=city,dest_id=20033173,srfid=0b1cd8876c7c85af6e431b7875f982530c585ae2X17,from=searchresults,highlight_room=
"(-87.6244331896305, 41.8921558544078)",Chicago Marriott Downtown Magnificent Mile,359,www.booking.com/hotel/us/chicago-marriott-downtown-magnificent-mile.en-gb.html?label=gen173nr-1FCAQoggJCDWNpdHlfMjAwMzMxNzNIM2IFbm9yZWZyBXVzX2lsiAEBmAEuuAEKyAEF2AEB6AEB-AELqAID,sid=28e69b52be3281ae5b7ba8b2459908ad,checkin=2017-06-06,checkout=2017-06-08,ucfs=1,highlighted_blocks=26245601_93619286_0_42_0,all_sr_blocks=26245601_93619286_0_42_0,room1=A%2CA,hpos=1,dest_type=city,dest_id=20033173,srfid=4a03b0b55938edff661815f856f13538dd1a32faX16,from=searchresults,highlight_room=
"(-87.6311127252006, 41.8913667051354)",Aloft Chicago City Center,369,www.booking.com/hotel/us/aloft-chicago-city-center.en-gb.html?label=gen173nr-1FCAQoggJCDWNpdHlfMjAwMzMxNzNIM2IFbm9yZWZyBXVzX2lsiAEBmAEuuAEKyAEF2AEB6AEB-AELqAID,sid=28e69b52be3281ae5b7ba8b2459908ad,checkin=2017-06-06,checkout=2017-06-08,ucfs=1,highlighted_blocks=59944403_94497038_2_0_0,all_sr_blocks=59944403_94497038_2_0_0,room1=A%2CA,hpos=2,dest_type=city,dest_id=20033173,srfid=4a03b0b55938edff661815f856f13538dd1a32faX17,from=searchresults,highlight_room=
"(-87.6467666029931, 41.8811324282142)",Crowne Plaza - Chicago West Loop,369,www.booking.com/hotel/us/crown-plaza.en-gb.html?label=gen173nr-1FCAQoggJCDWNpdHlfMjAwMzMxNzNIM2IFbm9yZWZyBXVzX2lsiAEBmAEuuAEKyAEF2AEB6AEB-AELqAID,sid=28e69b52be3281ae5b7ba8b2459908ad,checkin=2017-06-06,checkout=2017-06-08,ucfs=1,highlighted_blocks=18187207_95441606_0_0_0,all_sr_blocks=18187207_95441606_0_0_0,room1=A%2CA,hpos=5,dest_type=city,dest_id=20033173,srfid=4a03b0b55938edff661815f856f13538dd1a32faX20,from=searchresults,highlight_room=
"(-87.627114, 41.845503)",Chicago South Loop Hotel,216.5,www.booking.com/hotel/us/chicago-south-loop.en-gb.html?label=gen173nr-1FCAQoggJCDWNpdHlfMjAwMzMxNzNIM2IFbm9yZWZyBXVzX2lsiAEBmAEuuAEKyAEF2AEB6AEB-AELqAID,sid=28e69b52be3281ae5b7ba8b2459908ad,checkin=2017-06-06,checkout=2017-06-08,ucfs=1,highlighted_blocks=50144503_92501885_4_0_0,all_sr_blocks=50144503_92501885_4_0_0,room1=A%2CA,hpos=6,dest_type=city,dest_id=20033173,srfid=4a03b0b55938edff661815f856f13538dd1a32faX21,from=searchresults,highlight_room=
"(-87.6276062428951, 41.8901402101286)",Courtyard by Marriott Chicago Downtown/River North,299,www.booking.com/hotel/us/courtyard-chicago-downtown-river-north-chicago.en-gb.html?label=gen173nr-1FCAQoggJCDWNpdHlfMjAwMzMxNzNIM2IFbm9yZWZyBXVzX2lsiAEBmAEuuAEKyAEF2AEB6AEB-AELqAID,sid=28e69b52be3281ae5b7ba8b2459908ad,checkin=2017-06-06,checkout=2017-06-08,ucfs=1,highlighted_blocks=26565102_96279282_0_0_0,all_sr_blocks=26565102_96279282_0_0_0,room1=A%2CA,hpos=7,dest_type=city,dest_id=20033173,srfid=4a03b0b55938edff661815f856f13538dd1a32faX22,from=searchresults,highlight_room=
"(-87.6455676555634, 41.9328414881638)",Days Inn Chicago,275.5,www.booking.com/hotel/us/days-inn-lincoln-park-north.en-gb.html?label=gen173nr-1FCAQoggJCDWNpdHlfMjAwMzMxNzNIM2IFbm9yZWZyBXVzX2lsiAEBmAEuuAEKyAEF2AEB6AEB-AELqAID,sid=28e69b52be3281ae5b7ba8b2459908ad,checkin=2017-06-06,checkout=2017-06-08,ucfs=1,highlighted_blocks=5601722_93700269_0_0_0,all_sr_blocks=5601722_93700269_0_0_0,room1=A%2CA,hpos=8,dest_type=city,dest_id=20033173,srfid=4a03b0b55938edff661815f856f13538dd1a32faX23,from=searchresults,highlight_room=
"(-87.6258118450642, 41.8990538881441)",The Whitehall Hotel,268,www.booking.com/hotel/us/the-whitehall.en-gb.html?label=gen173nr-1FCAQoggJCDWNpdHlfMjAwMzMxNzNIM2IFbm9yZWZyBXVzX2lsiAEBmAEuuAEKyAEF2AEB6AEB-AELqAID,sid=28e69b52be3281ae5b7ba8b2459908ad,checkin=2017-06-06,checkout=2017-06-08,ucfs=1,highlighted_blocks=5627521_91903191_2_0_0,all_sr_blocks=5627521_91903191_2_0_0,room1=A%2CA,hpos=9,dest_type=city,dest_id=20033173,srfid=4a03b0b55938edff661815f856f13538dd1a32faX24,from=searchresults,highlight_room=
"(-87.630565, 41.890845)",Hyatt Place Chicago River North,339,www.booking.com/hotel/us/hyatt-place-chicago-river-north.en-gb.html?label=gen173nr-1FCAQoggJCDWNpdHlfMjAwMzMxNzNIM2IFbm9yZWZyBXVzX2lsiAEBmAEuuAEKyAEF2AEB6AEB-AELqAID,sid=28e69b52be3281ae5b7ba8b2459908ad,checkin=2017-06-06,checkout=2017-06-08,ucfs=1,highlighted_blocks=59944305_93851998_2_1_0,all_sr_blocks=59944305_93851998_2_1_0,room1=A%2CA,hpos=10,dest_type=city,dest_id=20033173,srfid=4a03b0b55938edff661815f856f13538dd1a32faX25,from=searchresults,highlight_room=
"(-87.629037, 41.87714113)",Melon Apartment,299.5,www.booking.com/hotel/us/melon-apartment.en-gb.html?label=gen173nr-1FCAQoggJCDWNpdHlfMjAwMzMxNzNIM2IFbm9yZWZyBXVzX2lsiAEBmAEuuAEKyAEF2AEB6AEB-AELqAID,sid=28e69b52be3281ae5b7ba8b2459908ad,checkin=2017-06-06,checkout=2017-06-08,ucfs=1,highlighted_blocks=147780101_88763872_2_0_0,all_sr_blocks=147780101_88763872_2_0_0,room1=A%2CA,hpos=11,dest_type=city,dest_id=20033173,srfid=4a03b0b55938edff661815f856f13538dd1a32faX26,from=searchresults,highlight_room=
"(-87.62503662, 41.88803583)","LondonHouse Chicago, Curio Collection by Hilton",274,www.booking.com/hotel/us/londonhouse-chicago-curio-collection-by-hilton.en-gb.html?label=gen173nr-1FCAQoggJCDWNpdHlfMjAwMzMxNzNIM2IFbm9yZWZyBXVzX2lsiAEBmAEuuAEKyAEF2AEB6AEB-AELqAID,sid=28e69b52be3281ae5b7ba8b2459908ad,checkin=2017-06-06,checkout=2017-06-08,ucfs=1,highlighted_blocks=164699504_95932355_2_0_0,all_sr_blocks=164699504_95932355_2_0_0,room1=A%2CA,hpos=13,dest_type=city,dest_id=20033173,srfid=4a03b0b55938edff661815f856f13538dd1a32faX28,from=searchresults,highlight_room=
"(-87.6260532438756, 41.8864112502993)",Kimpton Hotel Monaco Chicago,394,www.booking.com/hotel/us/monaco-chicago.en-gb.html?label=gen173nr-1FCAQoggJCDWNpdHlfMjAwMzMxNzNIM2IFbm9yZWZyBXVzX2lsiAEBmAEuuAEKyAEF2AEB6AEB-AELqAID,sid=28e69b52be3281ae5b7ba8b2459908ad,checkin=2017-06-06,checkout=2017-06-08,ucfs=1,highlighted_blocks=4547805_98112773_0_0_0,all_sr_blocks=4547805_98112773_0_0_0,room1=A%2CA,hpos=14,dest_type=city,dest_id=20033173,srfid=4a03b0b55938edff661815f856f13538dd1a32faX29,from=searchresults,highlight_room=
"(-87.6255664229393, 41.887689204823)","Club Quarters Hotel, Wacker at Michigan",274,www.booking.com/hotel/us/club-quarters-wacker-at-michigan.en-gb.html?label=gen173nr-1FCAQoggJCDWNpdHlfMjAwMzMxNzNIM2IFbm9yZWZyBXVzX2lsiAEBmAEuuAEKyAEF2AEB6AEB-AELqAID,sid=28e69b52be3281ae5b7ba8b2459908ad,checkin=2017-06-06,checkout=2017-06-08,ucfs=1,highlighted_blocks=5606103_97399539_0_0_0,all_sr_blocks=5606103_97399539_0_0_0,room1=A%2CA,hpos=15,dest_type=city,dest_id=20033173,srfid=4a03b0b55938edff661815f856f13538dd1a32faX30,from=searchresults,highlight_room=
"(-87.6283493712572, 41.905849924178)",PUBLIC Chicago,288,www.booking.com/hotel/us/public-chicago.en-gb.html?label=gen173nr-1FCAQoggJCDWNpdHlfMjAwMzMxNzNIM2IFbm9yZWZyBXVzX2lsiAEBmAEuuAEKyAEF2AEB6AEB-AELqAID,sid=28e69b52be3281ae5b7ba8b2459908ad,checkin=2017-06-06,checkout=2017-06-08,ucfs=1,highlighted_blocks=5614535_91903169_2_2_0,all_sr_blocks=5614535_91903169_2_2_0,room1=A%2CA,hpos=16,dest_type=city,dest_id=20033173,srfid=4a03b0b55938edff661815f856f13538dd1a32faX31,from=searchresults,highlight_room=
"(-87.623895406723, 41.8913681733528)",InterContinental Hotel Chicago,398.5,www.booking.com/hotel/us/intercontinental-chicago.en-gb.html?label=gen173nr-1FCAQoggJCDWNpdHlfMjAwMzMxNzNIM2IFbm9yZWZyBXVzX2lsiAEBmAEuuAEKyAEF2AEB6AEB-AELqAID,sid=28e69b52be3281ae5b7ba8b2459908ad,checkin=2017-06-06,checkout=2017-06-08,ucfs=1,highlighted_blocks=18177209_95441613_2_0_0,all_sr_blocks=18177209_95441613_2_0_0,room1=A%2CA,hpos=17,dest_type=city,dest_id=20033173,srfid=4a03b0b55938edff661815f856f13538dd1a32faX32,from=searchresults,highlight_room=
"(-87.6528713107109, 41.9398069516901)",City Suites Hotel,220,www.booking.com/hotel/us/city-suites.en-gb.html?label=gen173nr-1FCAQoggJCDWNpdHlfMjAwMzMxNzNIM2IFbm9yZWZyBXVzX2lsiAEBmAEuuAEKyAEF2AEB6AEB-AELqAID,sid=28e69b52be3281ae5b7ba8b2459908ad,checkin=2017-06-06,checkout=2017-06-08,ucfs=1,highlighted_blocks=5670901_91458827_0_1_0,all_sr_blocks=5670901_91458827_0_1_0,room1=A%2CA,hpos=18,dest_type=city,dest_id=20033173,srfid=4a03b0b55938edff661815f856f13538dd1a32faX33,from=searchresults,highlight_room=
"(-87.6233696937562, 41.9001049992133)",The Drake,257,www.booking.com/hotel/us/the-drake.en-gb.html?label=gen173nr-1FCAQoggJCDWNpdHlfMjAwMzMxNzNIM2IFbm9yZWZyBXVzX2lsiAEBmAEuuAEKyAEF2AEB6AEB-AELqAID,sid=28e69b52be3281ae5b7ba8b2459908ad,checkin=2017-06-06,checkout=2017-06-08,ucfs=1,highlighted_blocks=4163825_94257995_2_0_0,all_sr_blocks=4163825_94257995_2_0_0,room1=A%2CA,hpos=19,dest_type=city,dest_id=20033173,srfid=4a03b0b55938edff661815f856f13538dd1a32faX34,from=searchresults,highlight_room=
"(-87.6275458931923, 41.8923754849094)",Acme Hotel Company Chicago,245.5,www.booking.com/hotel/us/acme-chicago.en-gb.html?label=gen173nr-1FCAQoggJCDWNpdHlfMjAwMzMxNzNIM2IFbm9yZWZyBXVzX2lsiAEBmAEuuAEKyAEF2AEB6AEB-AELqAID,sid=28e69b52be3281ae5b7ba8b2459908ad,checkin=2017-06-06,checkout=2017-06-08,ucfs=1,highlighted_blocks=37222801_91924823_0_2_0,all_sr_blocks=37222801_91924823_0_2_0,room1=A%2CA,hpos=20,dest_type=city,dest_id=20033173,srfid=4a03b0b55938edff661815f856f13538dd1a32faX35,from=searchresults,highlight_room=
"(-87.6228453218937, 41.8932320366496)",Courtyard Chicago Downtown/Magnificent Mile,265.5,www.booking.com/hotel/us/courtyard-chicago-downtown-magnificent-mile.en-gb.html?label=gen173nr-1FCAQoggJCDWNpdHlfMjAwMzMxNzNIM2IFbm9yZWZyBXVzX2lsiAEBmAEuuAEKyAEF2AEB6AEB-AELqAID,sid=28e69b52be3281ae5b7ba8b2459908ad,checkin=2017-06-06,checkout=2017-06-08,ucfs=1,highlighted_blocks=26531001_97567436_0_0_0,all_sr_blocks=26531001_97567436_0_0_0,room1=A%2CA,hpos=22,dest_type=city,dest_id=20033173,srfid=4a03b0b55938edff661815f856f13538dd1a32faX37,from=searchresults,highlight_room=
"(-87.6255697757005, 41.8876742289415)",River Hotel,274,www.booking.com/hotel/us/the-chicago-river.en-gb.html?label=gen173nr-1FCAQoggJCDWNpdHlfMjAwMzMxNzNIM2IFbm9yZWZyBXVzX2lsiAEBmAEuuAEKyAEF2AEB6AEB-AELqAID,sid=28e69b52be3281ae5b7ba8b2459908ad,checkin=2017-06-06,checkout=2017-06-08,ucfs=1,highlighted_blocks=4549501_97399538_0_0_0,all_sr_blocks=4549501_97399538_0_0_0,room1=A%2CA,hpos=23,dest_type=city,dest_id=20033173,srfid=4a03b0b55938edff661815f856f13538dd1a32faX38,from=searchresults,highlight_room=
"(-87.622400635582, 41.8940664747733)",Hyatt Centric Chicago Magnificent Mile,334,www.booking.com/hotel/us/wyndham-chicago.en-gb.html?label=gen173nr-1FCAQoggJCDWNpdHlfMjAwMzMxNzNIM2IFbm9yZWZyBXVzX2lsiAEBmAEuuAEKyAEF2AEB6AEB-AELqAID,sid=28e69b52be3281ae5b7ba8b2459908ad,checkin=2017-06-06,checkout=2017-06-08,ucfs=1,highlighted_blocks=7950514_94109109_2_0_0,all_sr_blocks=7950514_94109109_2_0_0,room1=A%2CA,hpos=24,dest_type=city,dest_id=20033173,srfid=4a03b0b55938edff661815f856f13538dd1a32faX39,from=searchresults,highlight_room=
"(-87.6263509690762, 41.8917974557405)",Homewood Suites by Hilton Chicago-Downtown,265,www.booking.com/hotel/us/homewood-suites-by-hilton-r-chicago-downtown.en-gb.html?label=gen173nr-1FCAQoggJCDWNpdHlfMjAwMzMxNzNIM2IFbm9yZWZyBXVzX2lsiAEBmAEuuAEKyAEF2AEB6AEB-AELqAID,sid=28e69b52be3281ae5b7ba8b2459908ad,checkin=2017-06-06,checkout=2017-06-08,ucfs=1,highlighted_blocks=2878003_95152762_2_1_0,all_sr_blocks=2878003_95152762_2_1_0,room1=A%2CA,hpos=25,dest_type=city,dest_id=20033173,srfid=4a03b0b55938edff661815f856f13538dd1a32faX40,from=searchresults,highlight_room=
"(-87.6263388991355, 41.8817514917735)",The Silversmith Hotel,269,www.booking.com/hotel/us/the-silversmith.en-gb.html?label=gen173nr-1FCAQoggJCDWNpdHlfMjAwMzMxNzNIM2IFbm9yZWZyBXVzX2lsiAEBmAEuuAEKyAEF2AEB6AEB-AELqAID,sid=28e69b52be3281ae5b7ba8b2459908ad,checkin=2017-06-06,checkout=2017-06-08,ucfs=1,highlighted_blocks=5636806_88763687_0_0_0,all_sr_blocks=5636806_88763687_0_0_0,room1=A%2CA,hpos=26,dest_type=city,dest_id=20033173,srfid=4a03b0b55938edff661815f856f13538dd1a32faX41,from=searchresults,highlight_room=
"(-87.6244130730629, 41.8734096055237)",Renaissance Blackstone Chicago Hotel,297,www.booking.com/hotel/us/the-blackstone-a-renaissance.en-gb.html?label=gen173nr-1FCAQoggJCDWNpdHlfMjAwMzMxNzNIM2IFbm9yZWZyBXVzX2lsiAEBmAEuuAEKyAEF2AEB6AEB-AELqAID,sid=28e69b52be3281ae5b7ba8b2459908ad,checkin=2017-06-06,checkout=2017-06-08,ucfs=1,highlighted_blocks=2473009_95148559_0_0_0,all_sr_blocks=2473009_95148559_0_0_0,room1=A%2CA,hpos=27,dest_type=city,dest_id=20033173,srfid=4a03b0b55938edff661815f856f13538dd1a32faX42,from=searchresults,highlight_room=
"(-87.6268461496511, 41.8936986428633)",Hotel Cass - A Holiday Inn Express at Magnificent Mile,211.5,www.booking.com/hotel/us/holiday-inn-express-chicago.en-gb.html?label=gen173nr-1FCAQoggJCDWNpdHlfMjAwMzMxNzNIM2IFbm9yZWZyBXVzX2lsiAEBmAEuuAEKyAEF2AEB6AEB-AELqAID,sid=28e69b52be3281ae5b7ba8b2459908ad,checkin=2017-06-06,checkout=2017-06-08,ucfs=1,highlighted_blocks=18184808_94324624_0_1_0,all_sr_blocks=18184808_94324624_0_1_0,room1=A%2CA,hpos=28,dest_type=city,dest_id=20033173,srfid=4a03b0b55938edff661815f856f13538dd1a32faX43,from=searchresults,highlight_room=
"(-87.6301543414593, 41.9052035906675)",Hotel Indigo Chicago Downtown,266,www.booking.com/hotel/us/indigo.en-gb.html?label=gen173nr-1FCAQoggJCDWNpdHlfMjAwMzMxNzNIM2IFbm9yZWZyBXVzX2lsiAEBmAEuuAEKyAEF2AEB6AEB-AELqAID,sid=28e69b52be3281ae5b7ba8b2459908ad,checkin=2017-06-06,checkout=2017-06-08,ucfs=1,highlighted_blocks=18188808_95441594_0_0_0,all_sr_blocks=18188808_95441594_0_0_0,room1=A%2CA,hpos=31,dest_type=city,dest_id=20033173,srfid=4a03b0b55938edff661815f856f13538dd1a32faX46,from=searchresults,highlight_room=
"(-87.6216597855091, 41.8933428484481)",Ivy Boutique Hotel,249,www.booking.com/hotel/us/ivy-boutique-hotel.en-gb.html?label=gen173nr-1FCAQoggJCDWNpdHlfMjAwMzMxNzNIM2IFbm9yZWZyBXVzX2lsiAEBmAEuuAEKyAEF2AEB6AEB-AELqAID,sid=28e69b52be3281ae5b7ba8b2459908ad,checkin=2017-06-06,checkout=2017-06-08,ucfs=1,highlighted_blocks=38334503_96335029_0_0_0,all_sr_blocks=38334503_96335029_0_0_0,room1=A%2CA,hpos=33,dest_type=city,dest_id=20033173,srfid=4a03b0b55938edff661815f856f13538dd1a32faX48,from=searchresults,highlight_room=
"(-87.6282030344009, 41.894196392345)",Dana Hotel And Spa,344,www.booking.com/hotel/us/d-spa-chicago-illinois.en-gb.html?label=gen173nr-1FCAQoggJCDWNpdHlfMjAwMzMxNzNIM2IFbm9yZWZyBXVzX2lsiAEBmAEuuAEKyAEF2AEB6AEB-AELqAID,sid=28e69b52be3281ae5b7ba8b2459908ad,checkin=2017-06-06,checkout=2017-06-08,ucfs=1,highlighted_blocks=5841609_91903535_0_0_0,all_sr_blocks=5841609_91903535_0_0_0,room1=A%2CA,hpos=34,dest_type=city,dest_id=20033173,srfid=4a03b0b55938edff661815f856f13538dd1a32faX49,from=searchresults,highlight_room=
"(-87.6342809200287, 41.9152957643711)","Hotel Lincoln, a Joie de Vivre Hotel",269,www.booking.com/hotel/us/lincoln-a-joie-de-vivre.en-gb.html?label=gen173nr-1FCAQoggJCDWNpdHlfMjAwMzMxNzNIM2IFbm9yZWZyBXVzX2lsiAEBmAEuuAEKyAEF2AEB6AEB-AELqAID,sid=28e69b52be3281ae5b7ba8b2459908ad,checkin=2017-06-06,checkout=2017-06-08,ucfs=1,highlighted_blocks=37440016_91727255_2_2_0,all_sr_blocks=37440016_91727255_2_2_0,room1=A%2CA,hpos=35,dest_type=city,dest_id=20033173,srfid=4a03b0b55938edff661815f856f13538dd1a32faX50,from=searchresults,highlight_room=
"(-87.6311279833317, 41.8792732045037)","Club Quarters Hotel, Central Loop",284,www.booking.com/hotel/us/club-quarters-central-loop.en-gb.html?label=gen173nr-1FCAQoggJCDWNpdHlfMjAwMzMxNzNIM2IFbm9yZWZyBXVzX2lsiAEBmAEuuAEKyAEF2AEB6AEB-AELqAID,sid=28e69b52be3281ae5b7ba8b2459908ad,checkin=2017-06-06,checkout=2017-06-08,ucfs=1,highlighted_blocks=5606503_97388050_0_0_0,all_sr_blocks=5606503_97388050_0_0_0,room1=A%2CA,hpos=36,dest_type=city,dest_id=20033173,srfid=4a03b0b55938edff661815f856f13538dd1a32faX51,from=searchresults,highlight_room=
"(-87.6217161118985, 41.8991317488166)",Raffaello Hotel,317.5,www.booking.com/hotel/us/raffaello.en-gb.html?label=gen173nr-1FCAQoggJCDWNpdHlfMjAwMzMxNzNIM2IFbm9yZWZyBXVzX2lsiAEBmAEuuAEKyAEF2AEB6AEB-AELqAID,sid=28e69b52be3281ae5b7ba8b2459908ad,checkin=2017-06-06,checkout=2017-06-08,ucfs=1,highlighted_blocks=5626001_91903186_0_0_0,all_sr_blocks=5626001_91903186_0_0_0,room1=A%2CA,hpos=37,dest_type=city,dest_id=20033173,srfid=4a03b0b55938edff661815f856f13538dd1a32faX52,from=searchresults,highlight_room=
"(-87.6246486, 41.8947545)",Omni Chicago Hotel,369,www.booking.com/hotel/us/omni-chicago.en-gb.html?label=gen173nr-1FCAQoggJCDWNpdHlfMjAwMzMxNzNIM2IFbm9yZWZyBXVzX2lsiAEBmAEuuAEKyAEF2AEB6AEB-AELqAID,sid=28e69b52be3281ae5b7ba8b2459908ad,checkin=2017-06-06,checkout=2017-06-08,ucfs=1,highlighted_blocks=137190405_86519026_2_0_0,all_sr_blocks=137190405_86519026_2_0_0,room1=A%2CA,hpos=38,dest_type=city,dest_id=20033173,srfid=4a03b0b55938edff661815f856f13538dd1a32faX53,from=searchresults,highlight_room=
"(-87.6400892436504, 41.8745520110075)",Holiday Inn Hotel & Suites Chicago - Downtown,288,www.booking.com/hotel/us/holiday-inn-chicago.en-gb.html?label=gen173nr-1FCAQoggJCDWNpdHlfMjAwMzMxNzNIM2IFbm9yZWZyBXVzX2lsiAEBmAEuuAEKyAEF2AEB6AEB-AELqAID,sid=28e69b52be3281ae5b7ba8b2459908ad,checkin=2017-06-06,checkout=2017-06-08,ucfs=1,highlighted_blocks=18186714_94324666_0_34_0,all_sr_blocks=18186714_94324666_0_34_0,room1=A%2CA,hpos=40,dest_type=city,dest_id=20033173,srfid=4a03b0b55938edff661815f856f13538dd1a32faX55,from=searchresults,highlight_room=
"(-87.6311548054219, 41.8793221321365)",Central Loop Hotel,284,www.booking.com/hotel/us/c-l-chicago-illinois.en-gb.html?label=gen173nr-1FCAQoggJCDWNpdHlfMjAwMzMxNzNIM2IFbm9yZWZyBXVzX2lsiAEBmAEuuAEKyAEF2AEB6AEB-AELqAID,sid=28e69b52be3281ae5b7ba8b2459908ad,checkin=2017-06-06,checkout=2017-06-08,ucfs=1,highlighted_blocks=5936901_97399268_0_0_0,all_sr_blocks=5936901_97399268_0_0_0,room1=A%2CA,hpos=41,dest_type=city,dest_id=20033173,srfid=4a03b0b55938edff661815f856f13538dd1a32faX56,from=searchresults,highlight_room=
"(-87.6195180416107, 41.8894074143239)",Sheraton Grand Chicago,314,www.booking.com/hotel/us/sheraton-chicago-towers.en-gb.html?label=gen173nr-1FCAQoggJCDWNpdHlfMjAwMzMxNzNIM2IFbm9yZWZyBXVzX2lsiAEBmAEuuAEKyAEF2AEB6AEB-AELqAID,sid=28e69b52be3281ae5b7ba8b2459908ad,checkin=2017-06-06,checkout=2017-06-08,ucfs=1,highlighted_blocks=5672017_94106769_2_2_0,all_sr_blocks=5672017_94106769_2_2_0,room1=A%2CA,hpos=42,dest_type=city,dest_id=20033173,srfid=4a03b0b55938edff661815f856f13538dd1a32faX57,from=searchresults,highlight_room=
"(-87.631152, 41.880835)",Hyatt Centric The Loop Chicago,328,www.booking.com/hotel/us/hyatt-centric-the-loop-chicago.en-gb.html?label=gen173nr-1FCAQoggJCDWNpdHlfMjAwMzMxNzNIM2IFbm9yZWZyBXVzX2lsiAEBmAEuuAEKyAEF2AEB6AEB-AELqAID,sid=28e69b52be3281ae5b7ba8b2459908ad,checkin=2017-06-06,checkout=2017-06-08,ucfs=1,highlighted_blocks=131690315_93779470_2_42_0,all_sr_blocks=131690315_93779470_2_42_0,room1=A%2CA,hpos=43,dest_type=city,dest_id=20033173,srfid=4a03b0b55938edff661815f856f13538dd1a32faX58,from=searchresults,highlight_room=
"(-87.6664754748344, 41.8736532671477)",Marriott Chicago at Medical District,313,www.booking.com/hotel/us/marriott-chicago-at-medical-district.en-gb.html?label=gen173nr-1FCAQoggJCDWNpdHlfMjAwMzMxNzNIM2IFbm9yZWZyBXVzX2lsiAEBmAEuuAEKyAEF2AEB6AEB-AELqAID,sid=28e69b52be3281ae5b7ba8b2459908ad,checkin=2017-06-06,checkout=2017-06-08,ucfs=1,highlighted_blocks=7579102_95463783_0_2_0,all_sr_blocks=7579102_95463783_0_2_0,room1=A%2CA,hpos=44,dest_type=city,dest_id=20033173,srfid=4a03b0b55938edff661815f856f13538dd1a32faX59,from=searchresults,highlight_room=
"(-87.6214170455933, 41.8999532729479)",Residence Inn by Marriott Chicago Downtown/Magnificent Mile,269,www.booking.com/hotel/us/residence-inn-chicago-downtown-magnificent-mile-chicago.en-gb.html?label=gen173nr-1FCAQoggJCDWNpdHlfMjAwMzMxNzNIM2IFbm9yZWZyBXVzX2lsiAEBmAEuuAEKyAEF2AEB6AEB-AELqAID,sid=28e69b52be3281ae5b7ba8b2459908ad,checkin=2017-06-06,checkout=2017-06-08,ucfs=1,highlighted_blocks=26564701_94375223_0_1_0,all_sr_blocks=26564701_94375223_0_1_0,room1=A%2CA,hpos=45,dest_type=city,dest_id=20033173,srfid=4a03b0b55938edff661815f856f13538dd1a32faX60,from=searchresults,highlight_room=
"(-87.629469037056, 41.8907382211841)",Hampton Inn & Suites Chicago-Downtown,269,www.booking.com/hotel/us/hampton-inn-suites-chicago-downtown.en-gb.html?label=gen173nr-1FCAQoggJCDWNpdHlfMjAwMzMxNzNIM2IFbm9yZWZyBXVzX2lsiAEBmAEuuAEKyAEF2AEB6AEB-AELqAID,sid=28e69b52be3281ae5b7ba8b2459908ad,checkin=2017-06-06,checkout=2017-06-08,ucfs=1,highlighted_blocks=2877819_96979110_2_1_0,all_sr_blocks=2877819_96979110_2_1_0,room1=A%2CA,hpos=2,dest_type=city,dest_id=20033173,srfid=4a03b0b55938edff661815f856f13538dd1a32faX57,from=searchresults,highlight_room=
"(-87.6244103908539, 41.8752889715422)",Congress Plaza Hotel,229,www.booking.com/hotel/us/congress-plaza.en-gb.html?label=gen173nr-1FCAQoggJCDWNpdHlfMjAwMzMxNzNIM2IFbm9yZWZyBXVzX2lsiAEBmAEuuAEKyAEF2AEB6AEB-AELqAID,sid=28e69b52be3281ae5b7ba8b2459908ad,checkin=2017-06-06,checkout=2017-06-08,ucfs=1,highlighted_blocks=5624405_91903183_0_0_0,all_sr_blocks=5624405_91903183_0_0_0,room1=A%2CA,hpos=4,dest_type=city,dest_id=20033173,srfid=4a03b0b55938edff661815f856f13538dd1a32faX59,from=searchresults,highlight_room=
"(-87.6256093382835, 41.8934939664807)",AC Hotel Chicago Downtown,364,www.booking.com/hotel/us/rush.en-gb.html?label=gen173nr-1FCAQoggJCDWNpdHlfMjAwMzMxNzNIM2IFbm9yZWZyBXVzX2lsiAEBmAEuuAEKyAEF2AEB6AEB-AELqAID,sid=28e69b52be3281ae5b7ba8b2459908ad,checkin=2017-06-06,checkout=2017-06-08,ucfs=1,highlighted_blocks=119319610_93777140_0_0_0,all_sr_blocks=119319610_93777140_0_0_0,room1=A%2CA,hpos=5,dest_type=city,dest_id=20033173,srfid=4a03b0b55938edff661815f856f13538dd1a32faX60,from=searchresults,highlight_room=
"(-87.6199934631586, 41.891323248285)",Embassy Suites Chicago Downtown Magnificent Mile,299,www.booking.com/hotel/us/embassy-suites-chicago-downtown-lakefront.en-gb.html?label=gen173nr-1FCAQoggJCDWNpdHlfMjAwMzMxNzNIM2IFbm9yZWZyBXVzX2lsiAEBmAEuuAEKyAEF2AEB6AEB-AELqAID,sid=28e69b52be3281ae5b7ba8b2459908ad,checkin=2017-06-06,checkout=2017-06-08,ucfs=1,highlighted_blocks=2880901_93694005_2_1_0,all_sr_blocks=2880901_93694005_2_1_0,room1=A%2CA,hpos=6,dest_type=city,dest_id=20033173,srfid=4a03b0b55938edff661815f856f13538dd1a32faX61,from=searchresults,highlight_room=
"(-87.6434983313083, 41.9475287282562)",Majestic Hotel,274,www.booking.com/hotel/us/majestic.en-gb.html?label=gen173nr-1FCAQoggJCDWNpdHlfMjAwMzMxNzNIM2IFbm9yZWZyBXVzX2lsiAEBmAEuuAEKyAEF2AEB6AEB-AELqAID,sid=28e69b52be3281ae5b7ba8b2459908ad,checkin=2017-06-06,checkout=2017-06-08,ucfs=1,highlighted_blocks=5670701_91458826_0_1_0,all_sr_blocks=5670701_91458826_0_1_0,room1=A%2CA,hpos=7,dest_type=city,dest_id=20033173,srfid=4a03b0b55938edff661815f856f13538dd1a32faX62,from=searchresults,highlight_room=
"(-87.6244338048588, 41.871516702033)",Chicago's Essex Inn,228.5,www.booking.com/hotel/us/essex-chicago.en-gb.html?label=gen173nr-1FCAQoggJCDWNpdHlfMjAwMzMxNzNIM2IFbm9yZWZyBXVzX2lsiAEBmAEuuAEKyAEF2AEB6AEB-AELqAID,sid=28e69b52be3281ae5b7ba8b2459908ad,checkin=2017-06-06,checkout=2017-06-08,ucfs=1,highlighted_blocks=119324602_97566379_2_0_0,all_sr_blocks=119324602_97566379_2_0_0,room1=A%2CA,hpos=8,dest_type=city,dest_id=20033173,srfid=4a03b0b55938edff661815f856f13538dd1a32faX63,from=searchresults,highlight_room=
"(-87.705922, 41.989345)",Rodeway Inn Chicago,84,www.booking.com/hotel/us/rodeway-inn-chicago.en-gb.html?label=gen173nr-1FCAQoggJCDWNpdHlfMjAwMzMxNzNIM2IFbm9yZWZyBXVzX2lsiAEBmAEuuAEKyAEF2AEB6AEB-AELqAID,sid=28e69b52be3281ae5b7ba8b2459908ad,checkin=2017-06-06,checkout=2017-06-08,ucfs=1,highlighted_blocks=50167203_95432346_0_0_0,all_sr_blocks=50167203_95432346_0_0_0,room1=A%2CA,hpos=9,dest_type=city,dest_id=20033173,srfid=4a03b0b55938edff661815f856f13538dd1a32faX64,from=searchresults,highlight_room=
"(-87.629735916853, 41.8896210641051)",SpringHill Suites Chicago Downtown/River North,284.5,www.booking.com/hotel/us/springhill-suites-chicago-downtown-river-north.en-gb.html?label=gen173nr-1FCAQoggJCDWNpdHlfMjAwMzMxNzNIM2IFbm9yZWZyBXVzX2lsiAEBmAEuuAEKyAEF2AEB6AEB-AELqAID,sid=28e69b52be3281ae5b7ba8b2459908ad,checkin=2017-06-06,checkout=2017-06-08,ucfs=1,highlighted_blocks=26531201_94374802_0_1_0,all_sr_blocks=26531201_94374802_0_1_0,room1=A%2CA,hpos=10,dest_type=city,dest_id=20033173,srfid=4a03b0b55938edff661815f856f13538dd1a32faX65,from=searchresults,highlight_room=
"(-87.6437491178513, 41.9341264948334)",The Willows Hotel,233,www.booking.com/hotel/us/the-willows.en-gb.html?label=gen173nr-1FCAQoggJCDWNpdHlfMjAwMzMxNzNIM2IFbm9yZWZyBXVzX2lsiAEBmAEuuAEKyAEF2AEB6AEB-AELqAID,sid=28e69b52be3281ae5b7ba8b2459908ad,checkin=2017-06-06,checkout=2017-06-08,ucfs=1,highlighted_blocks=5670614_91458822_0_1_0,all_sr_blocks=5670614_91458822_0_1_0,room1=A%2CA,hpos=11,dest_type=city,dest_id=20033173,srfid=4a03b0b55938edff661815f856f13538dd1a32faX66,from=searchresults,highlight_room=
"(-87.6269665360451, 41.880635176044)",The Palmer House Hilton,279,www.booking.com/hotel/us/the-palmer-house.en-gb.html?label=gen173nr-1FCAQoggJCDWNpdHlfMjAwMzMxNzNIM2IFbm9yZWZyBXVzX2lsiAEBmAEuuAEKyAEF2AEB6AEB-AELqAID,sid=28e69b52be3281ae5b7ba8b2459908ad,checkin=2017-06-06,checkout=2017-06-08,ucfs=1,highlighted_blocks=2880136_97009249_2_2_0,all_sr_blocks=2880136_97009249_2_2_0,room1=A%2CA,hpos=14,dest_type=city,dest_id=20033173,srfid=4a03b0b55938edff661815f856f13538dd1a32faX69,from=searchresults,highlight_room=
"(-87.6297573745251, 41.8896210641052)",Residence Inn by Marriott Chicago Downtown/River North,294.5,www.booking.com/hotel/us/residence-inn-chicago-downtown-river-north.en-gb.html?label=gen173nr-1FCAQoggJCDWNpdHlfMjAwMzMxNzNIM2IFbm9yZWZyBXVzX2lsiAEBmAEuuAEKyAEF2AEB6AEB-AELqAID,sid=28e69b52be3281ae5b7ba8b2459908ad,checkin=2017-06-06,checkout=2017-06-08,ucfs=1,highlighted_blocks=26531501_94374812_0_1_0,all_sr_blocks=26531501_94374812_0_1_0,room1=A%2CA,hpos=15,dest_type=city,dest_id=20033173,srfid=4a03b0b55938edff661815f856f13538dd1a32faX70,from=searchresults,highlight_room=
"(-87.585159, 41.805452)",La Quinta Inn & Suites Chicago Lake Shore,229,www.booking.com/hotel/us/la-quinta-inn-amp-suites-chicago-lake-shore.en-gb.html?label=gen173nr-1FCAQoggJCDWNpdHlfMjAwMzMxNzNIM2IFbm9yZWZyBXVzX2lsiAEBmAEuuAEKyAEF2AEB6AEB-AELqAID,sid=28e69b52be3281ae5b7ba8b2459908ad,checkin=2017-06-06,checkout=2017-06-08,ucfs=1,highlighted_blocks=140045002_91861272_0_1_0,all_sr_blocks=140045002_91861272_0_1_0,room1=A%2CA,hpos=16,dest_type=city,dest_id=20033173,srfid=4a03b0b55938edff661815f856f13538dd1a32faX71,from=searchresults,highlight_room=
"(-87.6315759122372, 41.8947274805686)",Hotel Felix,274,www.booking.com/hotel/us/felix.en-gb.html?label=gen173nr-1FCAQoggJCDWNpdHlfMjAwMzMxNzNIM2IFbm9yZWZyBXVzX2lsiAEBmAEuuAEKyAEF2AEB6AEB-AELqAID,sid=28e69b52be3281ae5b7ba8b2459908ad,checkin=2017-06-06,checkout=2017-06-08,ucfs=1,highlighted_blocks=17757401_88763702_0_0_0,all_sr_blocks=17757401_88763702_0_0_0,room1=A%2CA,hpos=18,dest_type=city,dest_id=20033173,srfid=4a03b0b55938edff661815f856f13538dd1a32faX73,from=searchresults,highlight_room=
"(-87.627140879631, 41.8985757416762)",Sofitel Chicago Magnificent Mile,360,www.booking.com/hotel/us/chicago-water-tower.en-gb.html?label=gen173nr-1FCAQoggJCDWNpdHlfMjAwMzMxNzNIM2IFbm9yZWZyBXVzX2lsiAEBmAEuuAEKyAEF2AEB6AEB-AELqAID,sid=28e69b52be3281ae5b7ba8b2459908ad,checkin=2017-06-06,checkout=2017-06-08,ucfs=1,highlighted_blocks=5747811_91459021_0_2_0,all_sr_blocks=5747811_91459021_0_2_0,room1=A%2CA,hpos=19,dest_type=city,dest_id=20033173,srfid=4a03b0b55938edff661815f856f13538dd1a32faX74,from=searchresults,highlight_room=
"(-87.62903713111, 41.877141)",Orchid Apartment,299.5,www.booking.com/hotel/us/orchid-apartment.en-gb.html?label=gen173nr-1FCAQoggJCDWNpdHlfMjAwMzMxNzNIM2IFbm9yZWZyBXVzX2lsiAEBmAEuuAEKyAEF2AEB6AEB-AELqAID,sid=28e69b52be3281ae5b7ba8b2459908ad,checkin=2017-06-06,checkout=2017-06-08,ucfs=1,highlighted_blocks=147780901_88763887_2_0_0,all_sr_blocks=147780901_88763887_2_0_0,room1=A%2CA,hpos=20,dest_type=city,dest_id=20033173,srfid=4a03b0b55938edff661815f856f13538dd1a32faX75,from=searchresults,highlight_room=
"(-87.624426484108, 41.8725038551956)",Hilton Chicago,309,www.booking.com/hotel/us/hilton-chicago.en-gb.html?label=gen173nr-1FCAQoggJCDWNpdHlfMjAwMzMxNzNIM2IFbm9yZWZyBXVzX2lsiAEBmAEuuAEKyAEF2AEB6AEB-AELqAID,sid=28e69b52be3281ae5b7ba8b2459908ad,checkin=2017-06-06,checkout=2017-06-08,ucfs=1,highlighted_blocks=2973402_94247642_2_0_0,all_sr_blocks=2973402_94247642_2_0_0,room1=A%2CA,hpos=22,dest_type=city,dest_id=20033173,srfid=4a03b0b55938edff661815f856f13538dd1a32faX77,from=searchresults,highlight_room=
"(-87.6305137574673, 41.8909408847624)",Fairfield Inn and Suites Chicago Downtown-River North,269,www.booking.com/hotel/us/inn-and-suites-chicago-downtown-river-north.en-gb.html?label=gen173nr-1FCAQoggJCDWNpdHlfMjAwMzMxNzNIM2IFbm9yZWZyBXVzX2lsiAEBmAEuuAEKyAEF2AEB6AEB-AELqAID,sid=28e69b52be3281ae5b7ba8b2459908ad,checkin=2017-06-06,checkout=2017-06-08,ucfs=1,highlighted_blocks=44674201_94468046_0_1_0,all_sr_blocks=44674201_94468046_0_1_0,room1=A%2CA,hpos=24,dest_type=city,dest_id=20033173,srfid=4a03b0b55938edff661815f856f13538dd1a32faX79,from=searchresults,highlight_room=
"(-87.6812615665858, 41.8986946561923)",2142 West Walton Apartment,328,www.booking.com/hotel/us/spacious-in-chicago.en-gb.html?label=gen173nr-1FCAQoggJCDWNpdHlfMjAwMzMxNzNIM2IFbm9yZWZyBXVzX2lsiAEBmAEuuAEKyAEF2AEB6AEB-AELqAID,sid=28e69b52be3281ae5b7ba8b2459908ad,checkin=2017-06-06,checkout=2017-06-08,ucfs=1,highlighted_blocks=134251201_96907106_8_0_0,all_sr_blocks=134251201_96907106_8_0_0,room1=A%2CA,hpos=25,dest_type=city,dest_id=20033173,srfid=4a03b0b55938edff661815f856f13538dd1a32faX80,from=searchresults,highlight_room=
"(-87.5856846570969, 41.8061374882254)",Chicago Lake Shore Hotel,92.5,www.booking.com/hotel/us/r-chicago-chicago-illinois.en-gb.html?label=gen173nr-1FCAQoggJCDWNpdHlfMjAwMzMxNzNIM2IFbm9yZWZyBXVzX2lsiAEBmAEuuAEKyAEF2AEB6AEB-AELqAID,sid=28e69b52be3281ae5b7ba8b2459908ad,checkin=2017-06-06,checkout=2017-06-08,ucfs=1,highlighted_blocks=5755201_91903392_0_0_0,all_sr_blocks=5755201_91903392_0_0_0,room1=A%2CA,hpos=26,dest_type=city,dest_id=20033173,srfid=4a03b0b55938edff661815f856f13538dd1a32faX81,from=searchresults,highlight_room=
"(-87.62903712111, 41.877141)",Flame Apartment,204.5,www.booking.com/hotel/us/flame-apartment.en-gb.html?label=gen173nr-1FCAQoggJCDWNpdHlfMjAwMzMxNzNIM2IFbm9yZWZyBXVzX2lsiAEBmAEuuAEKyAEF2AEB6AEB-AELqAID,sid=28e69b52be3281ae5b7ba8b2459908ad,checkin=2017-06-06,checkout=2017-06-08,ucfs=1,highlighted_blocks=147779001_88763851_2_0_0,all_sr_blocks=147779001_88763851_2_0_0,room1=A%2CA,hpos=27,dest_type=city,dest_id=20033173,srfid=4a03b0b55938edff661815f856f13538dd1a32faX82,from=searchresults,highlight_room=
"(-87.626039, 41.886076)",Virgin Hotels Chicago,381.5,www.booking.com/hotel/us/virgin-hotels-chicago-chicago.en-gb.html?label=gen173nr-1FCAQoggJCDWNpdHlfMjAwMzMxNzNIM2IFbm9yZWZyBXVzX2lsiAEBmAEuuAEKyAEF2AEB6AEB-AELqAID,sid=28e69b52be3281ae5b7ba8b2459908ad,checkin=2017-06-06,checkout=2017-06-08,ucfs=1,highlighted_blocks=125011206_95591738_0_0_0,all_sr_blocks=125011206_95591738_0_0_0,room1=A%2CA,hpos=28,dest_type=city,dest_id=20033173,srfid=4a03b0b55938edff661815f856f13538dd1a32faX83,from=searchresults,highlight_room=
"(-87.6219199597836, 41.8996697834334)",Hilton Chicago/Magnificent Mile Suites,259,www.booking.com/hotel/us/hilton-suites-chicago-magnificent-mile.en-gb.html?label=gen173nr-1FCAQoggJCDWNpdHlfMjAwMzMxNzNIM2IFbm9yZWZyBXVzX2lsiAEBmAEuuAEKyAEF2AEB6AEB-AELqAID,sid=28e69b52be3281ae5b7ba8b2459908ad,checkin=2017-06-06,checkout=2017-06-08,ucfs=1,highlighted_blocks=2972828_93694284_2_2_0,all_sr_blocks=2972828_93694284_2_2_0,room1=A%2CA,hpos=29,dest_type=city,dest_id=20033173,srfid=4a03b0b55938edff661815f856f13538dd1a32faX84,from=searchresults,highlight_room=
"(-87.7399384975433, 41.7223027526236)",Hilton Chicago/Oak Lawn,179,www.booking.com/hotel/us/hilton-oak-lawn.en-gb.html?label=gen173nr-1FCAQoggJCDWNpdHlfMjAwMzMxNzNIM2IFbm9yZWZyBXVzX2lsiAEBmAEuuAEKyAEF2AEB6AEB-AELqAID,sid=28e69b52be3281ae5b7ba8b2459908ad,checkin=2017-06-06,checkout=2017-06-08,ucfs=1,highlighted_blocks=27270202_95460430_2_2_0,all_sr_blocks=27270202_95460430_2_2_0,room1=A%2CA,hpos=31,dest_type=city,dest_id=20033173,srfid=4a03b0b55938edff661815f856f13538dd1a32faX86,from=searchresults,highlight_room=
"(-87.629037, 41.87714113111)",Peru Apartment,299.5,www.booking.com/hotel/us/peru-apartment.en-gb.html?label=gen173nr-1FCAQoggJCDWNpdHlfMjAwMzMxNzNIM2IFbm9yZWZyBXVzX2lsiAEBmAEuuAEKyAEF2AEB6AEB-AELqAID,sid=28e69b52be3281ae5b7ba8b2459908ad,checkin=2017-06-06,checkout=2017-06-08,ucfs=1,highlighted_blocks=147781101_88763893_2_0_0,all_sr_blocks=147781101_88763893_2_0_0,room1=A%2CA,hpos=32,dest_type=city,dest_id=20033173,srfid=4a03b0b55938edff661815f856f13538dd1a32faX87,from=searchresults,highlight_room=
"(-87.6247114241232, 41.8874114515566)",Comfort Suites Michigan Avenue,344,www.booking.com/hotel/us/comfort-suites-michigan-avenue.en-gb.html?label=gen173nr-1FCAQoggJCDWNpdHlfMjAwMzMxNzNIM2IFbm9yZWZyBXVzX2lsiAEBmAEuuAEKyAEF2AEB6AEB-AELqAID,sid=28e69b52be3281ae5b7ba8b2459908ad,checkin=2017-06-06,checkout=2017-06-08,ucfs=1,highlighted_blocks=18075302_93712602_2_1_0,all_sr_blocks=18075302_93712602_2_1_0,room1=A%2CA,hpos=33,dest_type=city,dest_id=20033173,srfid=4a03b0b55938edff661815f856f13538dd1a32faX88,from=searchresults,highlight_room=
"(-87.6455783843995, 41.9441552419022)",BEST WESTERN PLUS Hawthorne Terrace Hotel,323.5,www.booking.com/hotel/us/best-western-hawthorne-terrace.en-gb.html?label=gen173nr-1FCAQoggJCDWNpdHlfMjAwMzMxNzNIM2IFbm9yZWZyBXVzX2lsiAEBmAEuuAEKyAEF2AEB6AEB-AELqAID,sid=28e69b52be3281ae5b7ba8b2459908ad,checkin=2017-06-06,checkout=2017-06-08,ucfs=1,highlighted_blocks=7842112_93707231_2_1_0,all_sr_blocks=7842112_93707231_2_1_0,room1=A%2CA,hpos=34,dest_type=city,dest_id=20033173,srfid=4a03b0b55938edff661815f856f13538dd1a32faX89,from=searchresults,highlight_room=
"(-87.6410568110103, 41.9083961196286)",The Sono Chicago,274,www.booking.com/hotel/us/the-sono-chicago.en-gb.html?label=gen173nr-1FCAQoggJCDWNpdHlfMjAwMzMxNzNIM2IFbm9yZWZyBXVzX2lsiAEBmAEuuAEKyAEF2AEB6AEB-AELqAID,sid=28e69b52be3281ae5b7ba8b2459908ad,checkin=2017-06-06,checkout=2017-06-08,ucfs=1,highlighted_blocks=156520603_95630847_2_1_0,all_sr_blocks=156520603_95630847_2_1_0,room1=A%2CA,hpos=35,dest_type=city,dest_id=20033173,srfid=4a03b0b55938edff661815f856f13538dd1a32faX90,from=searchresults,highlight_room=
"(-87.6245954632759, 41.8865360516721)",Hard Rock Hotel Chicago,242,www.booking.com/hotel/us/h-r-chicago-chicago-illinois.en-gb.html?label=gen173nr-1FCAQoggJCDWNpdHlfMjAwMzMxNzNIM2IFbm9yZWZyBXVzX2lsiAEBmAEuuAEKyAEF2AEB6AEB-AELqAID,sid=28e69b52be3281ae5b7ba8b2459908ad,checkin=2017-06-06,checkout=2017-06-08,ucfs=1,highlighted_blocks=5779007_91459071_0_0_0,all_sr_blocks=5779007_91459071_0_0_0,room1=A%2CA,hpos=36,dest_type=city,dest_id=20033173,srfid=4a03b0b55938edff661815f856f13538dd1a32faX91,from=searchresults,highlight_room=
"(-87.629037, 41.8771411111)",Aquamarine Apartment,214.5,www.booking.com/hotel/us/aquamarine-apartment.en-gb.html?label=gen173nr-1FCAQoggJCDWNpdHlfMjAwMzMxNzNIM2IFbm9yZWZyBXVzX2lsiAEBmAEuuAEKyAEF2AEB6AEB-AELqAID,sid=28e69b52be3281ae5b7ba8b2459908ad,checkin=2017-06-06,checkout=2017-06-08,ucfs=1,highlighted_blocks=147776701_88763821_2_0_0,all_sr_blocks=147776701_88763821_2_0_0,room1=A%2CA,hpos=37,dest_type=city,dest_id=20033173,srfid=4a03b0b55938edff661815f856f13538dd1a32faX92,from=searchresults,highlight_room=
"(-87.6291257143021, 41.8885178647968)","Hotel Chicago Downtown, Autograph Collection",342,www.booking.com/hotel/us/hotel-chicago-downtown.en-gb.html?label=gen173nr-1FCAQoggJCDWNpdHlfMjAwMzMxNzNIM2IFbm9yZWZyBXVzX2lsiAEBmAEuuAEKyAEF2AEB6AEB-AELqAID,sid=28e69b52be3281ae5b7ba8b2459908ad,checkin=2017-06-06,checkout=2017-06-08,ucfs=1,highlighted_blocks=5996408_94279123_0_0_0,all_sr_blocks=5996408_94279123_0_0_0,room1=A%2CA,hpos=40,dest_type=city,dest_id=20033173,srfid=4a03b0b55938edff661815f856f13538dd1a32faX95,from=searchresults,highlight_room=
"(-87.632624655962, 41.852223471711)",Chinatown Hotel Chicago,97.5,www.booking.com/hotel/us/chinatown-chicago.en-gb.html?label=gen173nr-1FCAQoggJCDWNpdHlfMjAwMzMxNzNIM2IFbm9yZWZyBXVzX2lsiAEBmAEuuAEKyAEF2AEB6AEB-AELqAID,sid=28e69b52be3281ae5b7ba8b2459908ad,checkin=2017-06-06,checkout=2017-06-08,ucfs=1,highlighted_blocks=18078301_88763705_0_0_0,all_sr_blocks=18078301_88763705_0_0_0,room1=A%2CA,hpos=41,dest_type=city,dest_id=20033173,srfid=4a03b0b55938edff661815f856f13538dd1a32faX96,from=searchresults,highlight_room=
"(-87.6332026720047, 41.8794479458773)",W Chicago - City Center,377,www.booking.com/hotel/us/w-chicago-city-center.en-gb.html?label=gen173nr-1FCAQoggJCDWNpdHlfMjAwMzMxNzNIM2IFbm9yZWZyBXVzX2lsiAEBmAEuuAEKyAEF2AEB6AEB-AELqAID,sid=28e69b52be3281ae5b7ba8b2459908ad,checkin=2017-06-06,checkout=2017-06-08,ucfs=1,highlighted_blocks=5689610_94106822_2_0_0,all_sr_blocks=5689610_94106822_2_0_0,room1=A%2CA,hpos=42,dest_type=city,dest_id=20033173,srfid=4a03b0b55938edff661815f856f13538dd1a32faX97,from=searchresults,highlight_room=
"(-87.6246491074562, 41.8691813292745)",Best Western Grant Park Hotel,237,www.booking.com/hotel/us/best-western-grant-park.en-gb.html?label=gen173nr-1FCAQoggJCDWNpdHlfMjAwMzMxNzNIM2IFbm9yZWZyBXVzX2lsiAEBmAEuuAEKyAEF2AEB6AEB-AELqAID,sid=28e69b52be3281ae5b7ba8b2459908ad,checkin=2017-06-06,checkout=2017-06-08,ucfs=1,highlighted_blocks=5623829_94106656_2_0_0,all_sr_blocks=5623829_94106656_2_0_0,room1=A%2CA,hpos=44,dest_type=city,dest_id=20033173,srfid=4a03b0b55938edff661815f856f13538dd1a32faX99,from=searchresults,highlight_room=
"(-87.6677707711639, 41.8777108489503)",Hotel Chicago-Illinois Medical District,197,www.booking.com/hotel/us/chicago-illinois-medical-district.en-gb.html?label=gen173nr-1FCAQoggJCDWNpdHlfMjAwMzMxNzNIM2IFbm9yZWZyBXVzX2lsiAEBmAEuuAEKyAEF2AEB6AEB-AELqAID,sid=28e69b52be3281ae5b7ba8b2459908ad,checkin=2017-06-06,checkout=2017-06-08,ucfs=1,highlighted_blocks=174718605_94493889_2_0_0,all_sr_blocks=174718605_94493889_2_0_0,room1=A%2CA,hpos=45,dest_type=city,dest_id=20033173,srfid=4a03b0b55938edff661815f856f13538dd1a32faX100,from=searchresults,highlight_room=
"(-87.623797506094, 41.8950648989879)",Warwick Allerton Hotel Chicago,273,www.booking.com/hotel/us/the-allerton.en-gb.html?label=gen173nr-1FCAQoggJCDWNpdHlfMjAwMzMxNzNIM2IFbm9yZWZyBXVzX2lsiAEBmAEuuAEKyAEF2AEB6AEB-AELqAID,sid=28e69b52be3281ae5b7ba8b2459908ad,checkin=2017-06-06,checkout=2017-06-08,ucfs=1,highlighted_blocks=5635001_91458713_0_0_0,all_sr_blocks=5635001_91458713_0_0_0,room1=A%2CA,hpos=1,dest_type=city,dest_id=20033173,srfid=4a03b0b55938edff661815f856f13538dd1a32faX96,from=searchresults,highlight_room=
"(-87.6205131411552, 41.8993793051959)",Dewitt Hotel and Suites,197,www.booking.com/hotel/us/dewitt-place.en-gb.html?label=gen173nr-1FCAQoggJCDWNpdHlfMjAwMzMxNzNIM2IFbm9yZWZyBXVzX2lsiAEBmAEuuAEKyAEF2AEB6AEB-AELqAID,sid=28e69b52be3281ae5b7ba8b2459908ad,checkin=2017-06-06,checkout=2017-06-08,ucfs=1,highlighted_blocks=2674701_95150535_0_0_0,all_sr_blocks=2674701_95150535_0_0_0,room1=A%2CA,hpos=2,dest_type=city,dest_id=20033173,srfid=4a03b0b55938edff661815f856f13538dd1a32faX97,from=searchresults,highlight_room=
"(-87.6267573237419, 41.8759999606439)",HI Chicago Hostel,119,www.booking.com/hotel/us/hostelling-international-chicago.en-gb.html?label=gen173nr-1FCAQoggJCDWNpdHlfMjAwMzMxNzNIM2IFbm9yZWZyBXVzX2lsiAEBmAEuuAEKyAEF2AEB6AEB-AELqAID,sid=28e69b52be3281ae5b7ba8b2459908ad,checkin=2017-06-06,checkout=2017-06-08,ucfs=1,highlighted_blocks=5613003_97273200_0_1_0,all_sr_blocks=5613003_97273200_0_1_0,room1=A%2CA,hpos=5,dest_type=city,dest_id=20033173,srfid=4a03b0b55938edff661815f856f13538dd1a32faX100,from=searchresults,highlight_room=
"(-87.629037, 41.8771411411111)",Teal Apartment,369.5,www.booking.com/hotel/us/teal-apartment.en-gb.html?label=gen173nr-1FCAQoggJCDWNpdHlfMjAwMzMxNzNIM2IFbm9yZWZyBXVzX2lsiAEBmAEuuAEKyAEF2AEB6AEB-AELqAID,sid=28e69b52be3281ae5b7ba8b2459908ad,checkin=2017-06-06,checkout=2017-06-08,ucfs=1,highlighted_blocks=147782701_88763914_2_0_0,all_sr_blocks=147782701_88763914_2_0_0,room1=A%2CA,hpos=6,dest_type=city,dest_id=20033173,srfid=4a03b0b55938edff661815f856f13538dd1a32faX101,from=searchresults,highlight_room=
"(-87.7412943542004, 41.7589699181204)",Quality Inn Midway Airport,95,www.booking.com/hotel/us/four-points-by-sheraton-chicago-midway.en-gb.html?label=gen173nr-1FCAQoggJCDWNpdHlfMjAwMzMxNzNIM2IFbm9yZWZyBXVzX2lsiAEBmAEuuAEKyAEF2AEB6AEB-AELqAID,sid=28e69b52be3281ae5b7ba8b2459908ad,checkin=2017-06-06,checkout=2017-06-08,ucfs=1,highlighted_blocks=17627605_95432827_2_0_0,all_sr_blocks=17627605_95432827_2_0_0,room1=A%2CA,hpos=7,dest_type=city,dest_id=20033173,srfid=4a03b0b55938edff661815f856f13538dd1a32faX102,from=searchresults,highlight_room=
"(-87.6542903780501, 41.9460126431812)",Wrigley Hostel,120,www.booking.com/hotel/us/wrigley-hostel.en-gb.html?label=gen173nr-1FCAQoggJCDWNpdHlfMjAwMzMxNzNIM2IFbm9yZWZyBXVzX2lsiAEBmAEuuAEKyAEF2AEB6AEB-AELqAID,sid=28e69b52be3281ae5b7ba8b2459908ad,checkin=2017-06-06,checkout=2017-06-08,ucfs=1,highlighted_blocks=70396505_95566711_0_0_0,all_sr_blocks=70396505_95566711_0_0_0,room1=A%2CA,hpos=8,dest_type=city,dest_id=20033173,srfid=4a03b0b55938edff661815f856f13538dd1a32faX103,from=searchresults,highlight_room=
"(-87.6290224492549, 41.8893135679325)",Kinzie Hotel,331.5,www.booking.com/hotel/us/amalfi-chicago.en-gb.html?label=gen173nr-1FCAQoggJCDWNpdHlfMjAwMzMxNzNIM2IFbm9yZWZyBXVzX2lsiAEBmAEuuAEKyAEF2AEB6AEB-AELqAID,sid=28e69b52be3281ae5b7ba8b2459908ad,checkin=2017-06-06,checkout=2017-06-08,ucfs=1,highlighted_blocks=5588103_91458485_0_1_0,all_sr_blocks=5588103_91458485_0_1_0,room1=A%2CA,hpos=9,dest_type=city,dest_id=20033173,srfid=4a03b0b55938edff661815f856f13538dd1a32faX104,from=searchresults,highlight_room=
"(-87.63282045722, 41.8925671618209)",Ohio House Motel,257,www.booking.com/hotel/us/ohio-house-motel.en-gb.html?label=gen173nr-1FCAQoggJCDWNpdHlfMjAwMzMxNzNIM2IFbm9yZWZyBXVzX2lsiAEBmAEuuAEKyAEF2AEB6AEB-AELqAID,sid=28e69b52be3281ae5b7ba8b2459908ad,checkin=2017-06-06,checkout=2017-06-08,ucfs=1,highlighted_blocks=27243701_88763721_0_2_0,all_sr_blocks=27243701_88763721_0_2_0,room1=A%2CA,hpos=10,dest_type=city,dest_id=20033173,srfid=4a03b0b55938edff661815f856f13538dd1a32faX105,from=searchresults,highlight_room=
"(-87.6257010697009, 41.8833016572108)",The Pittsfield Hotel: Apartment + Suites,239,www.booking.com/hotel/us/north-michigan.en-gb.html?label=gen173nr-1FCAQoggJCDWNpdHlfMjAwMzMxNzNIM2IFbm9yZWZyBXVzX2lsiAEBmAEuuAEKyAEF2AEB6AEB-AELqAID,sid=28e69b52be3281ae5b7ba8b2459908ad,checkin=2017-06-06,checkout=2017-06-08,ucfs=1,highlighted_blocks=58608505_95562491_0_0_0,all_sr_blocks=58608505_95562491_0_0_0,room1=A%2CA,hpos=11,dest_type=city,dest_id=20033173,srfid=4a03b0b55938edff661815f856f13538dd1a32faX106,from=searchresults,highlight_room=
"(-87.6290371221, 41.877141)",Lime Apartment,299.5,www.booking.com/hotel/us/lime-apartment.en-gb.html?label=gen173nr-1FCAQoggJCDWNpdHlfMjAwMzMxNzNIM2IFbm9yZWZyBXVzX2lsiAEBmAEuuAEKyAEF2AEB6AEB-AELqAID,sid=28e69b52be3281ae5b7ba8b2459908ad,checkin=2017-06-06,checkout=2017-06-08,ucfs=1,highlighted_blocks=147779801_88763874_2_0_0,all_sr_blocks=147779801_88763874_2_0_0,room1=A%2CA,hpos=13,dest_type=city,dest_id=20033173,srfid=4a03b0b55938edff661815f856f13538dd1a32faX108,from=searchresults,highlight_room=
"(-87.6652823, 41.925401)",Studio on West Fullerton Avenue E,175,www.booking.com/hotel/us/studio-on-west-fullerton-avenue-e.en-gb.html?label=gen173nr-1FCAQoggJCDWNpdHlfMjAwMzMxNzNIM2IFbm9yZWZyBXVzX2lsiAEBmAEuuAEKyAEF2AEB6AEB-AELqAID,sid=28e69b52be3281ae5b7ba8b2459908ad,checkin=2017-06-06,checkout=2017-06-08,ucfs=1,highlighted_blocks=196697001_97149584_0_0_0,all_sr_blocks=196697001_97149584_0_0_0,room1=A%2CA,hpos=14,dest_type=city,dest_id=20033173,srfid=4a03b0b55938edff661815f856f13538dd1a32faX109,from=searchresults,highlight_room=
"(-87.6262129459931, 41.8676234135689)",One-Bedroom Apartment on East Roosevelt Road 503,285,www.booking.com/hotel/us/one-bedroom-apartment-on-east-roosevelt-road-503.en-gb.html?label=gen173nr-1FCAQoggJCDWNpdHlfMjAwMzMxNzNIM2IFbm9yZWZyBXVzX2lsiAEBmAEuuAEKyAEF2AEB6AEB-AELqAID,sid=28e69b52be3281ae5b7ba8b2459908ad,checkin=2017-06-06,checkout=2017-06-08,ucfs=1,highlighted_blocks=199829601_97144456_2_0_0,all_sr_blocks=199829601_97144456_2_0_0,room1=A%2CA,hpos=15,dest_type=city,dest_id=20033173,srfid=4a03b0b55938edff661815f856f13538dd1a32faX110,from=searchresults,highlight_room=
"(-87.6229237318148, 41.8926078930782)",Inn of Chicago,195.5,www.booking.com/hotel/us/inn-of-chicago-magnificent-mile.en-gb.html?label=gen173nr-1FCAQoggJCDWNpdHlfMjAwMzMxNzNIM2IFbm9yZWZyBXVzX2lsiAEBmAEuuAEKyAEF2AEB6AEB-AELqAID,sid=28e69b52be3281ae5b7ba8b2459908ad,checkin=2017-06-06,checkout=2017-06-08,ucfs=1,highlighted_blocks=5624218_91458666_0_0_0,all_sr_blocks=5624218_91458666_0_0_0,room1=A%2CA,hpos=16,dest_type=city,dest_id=20033173,srfid=4a03b0b55938edff661815f856f13538dd1a32faX111,from=searchresults,highlight_room=
"(-87.629037141, 41.877141)",Red Apartment,369.5,www.booking.com/hotel/us/red-apartment.en-gb.html?label=gen173nr-1FCAQoggJCDWNpdHlfMjAwMzMxNzNIM2IFbm9yZWZyBXVzX2lsiAEBmAEuuAEKyAEF2AEB6AEB-AELqAID,sid=28e69b52be3281ae5b7ba8b2459908ad,checkin=2017-06-06,checkout=2017-06-08,ucfs=1,highlighted_blocks=147781601_88763895_2_0_0,all_sr_blocks=147781601_88763895_2_0_0,room1=A%2CA,hpos=17,dest_type=city,dest_id=20033173,srfid=4a03b0b55938edff661815f856f13538dd1a32faX112,from=searchresults,highlight_room=
"(-87.6273233, 41.892353)",Freehand Chicago,216,www.booking.com/hotel/us/freehand-chicago.en-gb.html?label=gen173nr-1FCAQoggJCDWNpdHlfMjAwMzMxNzNIM2IFbm9yZWZyBXVzX2lsiAEBmAEuuAEKyAEF2AEB6AEB-AELqAID,sid=28e69b52be3281ae5b7ba8b2459908ad,checkin=2017-06-06,checkout=2017-06-08,ucfs=1,highlighted_blocks=128021701_93121951_0_0_0,all_sr_blocks=128021701_93121951_0_0_0,room1=A%2CA,hpos=18,dest_type=city,dest_id=20033173,srfid=4a03b0b55938edff661815f856f13538dd1a32faX113,from=searchresults,highlight_room=
"(-87.6255691051483, 41.8743243304249)",Travelodge Chicago,173.5,www.booking.com/hotel/us/chicago-t.en-gb.html?label=gen173nr-1FCAQoggJCDWNpdHlfMjAwMzMxNzNIM2IFbm9yZWZyBXVzX2lsiAEBmAEuuAEKyAEF2AEB6AEB-AELqAID,sid=28e69b52be3281ae5b7ba8b2459908ad,checkin=2017-06-06,checkout=2017-06-08,ucfs=1,highlighted_blocks=5924323_91823000_2_8_0,all_sr_blocks=5924323_91823000_2_8_0,room1=A%2CA,hpos=19,dest_type=city,dest_id=20033173,srfid=4a03b0b55938edff661815f856f13538dd1a32faX114,from=searchresults,highlight_room=
"(-87.629037141111, 41.877141)",Tan Apartment,299.5,www.booking.com/hotel/us/tan-apartment.en-gb.html?label=gen173nr-1FCAQoggJCDWNpdHlfMjAwMzMxNzNIM2IFbm9yZWZyBXVzX2lsiAEBmAEuuAEKyAEF2AEB6AEB-AELqAID,sid=28e69b52be3281ae5b7ba8b2459908ad,checkin=2017-06-06,checkout=2017-06-08,ucfs=1,highlighted_blocks=147782601_88763913_2_0_0,all_sr_blocks=147782601_88763913_2_0_0,room1=A%2CA,hpos=20,dest_type=city,dest_id=20033173,srfid=4a03b0b55938edff661815f856f13538dd1a32faX115,from=searchresults,highlight_room=
"(-87.629037, 41.877141131)",Mocha Apartment,299.5,www.booking.com/hotel/us/mocha-apartment.en-gb.html?label=gen173nr-1FCAQoggJCDWNpdHlfMjAwMzMxNzNIM2IFbm9yZWZyBXVzX2lsiAEBmAEuuAEKyAEF2AEB6AEB-AELqAID,sid=28e69b52be3281ae5b7ba8b2459908ad,checkin=2017-06-06,checkout=2017-06-08,ucfs=1,highlighted_blocks=147780501_88763878_2_0_0,all_sr_blocks=147780501_88763878_2_0_0,room1=A%2CA,hpos=22,dest_type=city,dest_id=20033173,srfid=4a03b0b55938edff661815f856f13538dd1a32faX117,from=searchresults,highlight_room=
"(-87.629037, 41.877141121111)",Gold Apartment,204.5,www.booking.com/hotel/us/gold-apartment.en-gb.html?label=gen173nr-1FCAQoggJCDWNpdHlfMjAwMzMxNzNIM2IFbm9yZWZyBXVzX2lsiAEBmAEuuAEKyAEF2AEB6AEB-AELqAID,sid=28e69b52be3281ae5b7ba8b2459908ad,checkin=2017-06-06,checkout=2017-06-08,ucfs=1,highlighted_blocks=147779101_88763858_2_0_0,all_sr_blocks=147779101_88763858_2_0_0,room1=A%2CA,hpos=23,dest_type=city,dest_id=20033173,srfid=4a03b0b55938edff661815f856f13538dd1a32faX118,from=searchresults,highlight_room=
"(-87.629037131, 41.877141)",Magenta Apartment,299.5,www.booking.com/hotel/us/magenta-apartment.en-gb.html?label=gen173nr-1FCAQoggJCDWNpdHlfMjAwMzMxNzNIM2IFbm9yZWZyBXVzX2lsiAEBmAEuuAEKyAEF2AEB6AEB-AELqAID,sid=28e69b52be3281ae5b7ba8b2459908ad,checkin=2017-06-06,checkout=2017-06-08,ucfs=1,highlighted_blocks=147780301_88763877_2_0_0,all_sr_blocks=147780301_88763877_2_0_0,room1=A%2CA,hpos=24,dest_type=city,dest_id=20033173,srfid=4a03b0b55938edff661815f856f13538dd1a32faX119,from=searchresults,highlight_room=
"(-87.628308981657, 41.8928556744209)",Embassy Suites Chicago - Downtown,284,www.booking.com/hotel/us/embassy-suites-chicago-downtown.en-gb.html?label=gen173nr-1FCAQoggJCDWNpdHlfMjAwMzMxNzNIM2IFbm9yZWZyBXVzX2lsiAEBmAEuuAEKyAEF2AEB6AEB-AELqAID,sid=28e69b52be3281ae5b7ba8b2459908ad,checkin=2017-06-06,checkout=2017-06-08,ucfs=1,highlighted_blocks=2880216_95152808_2_1_0,all_sr_blocks=2880216_95152808_2_1_0,room1=A%2CA,hpos=25,dest_type=city,dest_id=20033173,srfid=4a03b0b55938edff661815f856f13538dd1a32faX120,from=searchresults,highlight_room=
"(-87.6290371311, 41.877141)",Navy Apartment,299.5,www.booking.com/hotel/us/navy-apartment.en-gb.html?label=gen173nr-1FCAQoggJCDWNpdHlfMjAwMzMxNzNIM2IFbm9yZWZyBXVzX2lsiAEBmAEuuAEKyAEF2AEB6AEB-AELqAID,sid=28e69b52be3281ae5b7ba8b2459908ad,checkin=2017-06-06,checkout=2017-06-08,ucfs=1,highlighted_blocks=147780601_88763886_2_0_0,all_sr_blocks=147780601_88763886_2_0_0,room1=A%2CA,hpos=26,dest_type=city,dest_id=20033173,srfid=4a03b0b55938edff661815f856f13538dd1a32faX121,from=searchresults,highlight_room=
"(-87.615253329277, 41.8935844374687)",W Chicago - Lakeshore,349,www.booking.com/hotel/us/w-chicago-lakeshore.en-gb.html?label=gen173nr-1FCAQoggJCDWNpdHlfMjAwMzMxNzNIM2IFbm9yZWZyBXVzX2lsiAEBmAEuuAEKyAEF2AEB6AEB-AELqAID,sid=28e69b52be3281ae5b7ba8b2459908ad,checkin=2017-06-06,checkout=2017-06-08,ucfs=1,highlighted_blocks=5690101_94106842_2_2_0,all_sr_blocks=5690101_94106842_2_2_0,room1=A%2CA,hpos=27,dest_type=city,dest_id=20033173,srfid=4a03b0b55938edff661815f856f13538dd1a32faX122,from=searchresults,highlight_room=
"(-87.6726873962951, 41.9063395954409)",Wicker Park Inn,169,www.booking.com/hotel/us/wicker-park-inn.en-gb.html?label=gen173nr-1FCAQoggJCDWNpdHlfMjAwMzMxNzNIM2IFbm9yZWZyBXVzX2lsiAEBmAEuuAEKyAEF2AEB6AEB-AELqAID,sid=28e69b52be3281ae5b7ba8b2459908ad,checkin=2017-06-06,checkout=2017-06-08,ucfs=1,highlighted_blocks=116520004_97298788_0_1_0,all_sr_blocks=116520004_97298788_0_1_0,room1=A%2CA,hpos=28,dest_type=city,dest_id=20033173,srfid=4a03b0b55938edff661815f856f13538dd1a32faX123,from=searchresults,highlight_room=
"(-87.6828805846558, 41.9212692170643)",Ray's Bucktown Bed and Breakfast,159,www.booking.com/hotel/us/ray-39-s-bucktown-bed-and-breakfast.en-gb.html?label=gen173nr-1FCAQoggJCDWNpdHlfMjAwMzMxNzNIM2IFbm9yZWZyBXVzX2lsiAEBmAEuuAEKyAEF2AEB6AEB-AELqAID,sid=28e69b52be3281ae5b7ba8b2459908ad,checkin=2017-06-06,checkout=2017-06-08,ucfs=1,highlighted_blocks=117221301_91948644_2_1_0,all_sr_blocks=117221301_91948644_2_1_0,room1=A%2CA,hpos=29,dest_type=city,dest_id=20033173,srfid=4a03b0b55938edff661815f856f13538dd1a32faX124,from=searchresults,highlight_room=
"(-87.6256139364, 41.8869529571)",Hilton Garden Inn Chicago Downtown/North Loop,342.5,www.booking.com/hotel/us/hilton-garden-inn-chicago-downtown-north-loop.en-gb.html?label=gen173nr-1FCAQoggJCDWNpdHlfMjAwMzMxNzNIM2IFbm9yZWZyBXVzX2lsiAEBmAEuuAEKyAEF2AEB6AEB-AELqAID,sid=28e69b52be3281ae5b7ba8b2459908ad,checkin=2017-06-06,checkout=2017-06-08,ucfs=1,highlighted_blocks=139360506_93780857_2_2_0,all_sr_blocks=139360506_93780857_2_2_0,room1=A%2CA,hpos=31,dest_type=city,dest_id=20033173,srfid=4a03b0b55938edff661815f856f13538dd1a32faX126,from=searchresults,highlight_room=
"(-87.627848982811, 41.8858960676521)","theWit Chicago, A DoubleTree by Hilton Hotel",389,www.booking.com/hotel/us/thewit-a-doubletree.en-gb.html?label=gen173nr-1FCAQoggJCDWNpdHlfMjAwMzMxNzNIM2IFbm9yZWZyBXVzX2lsiAEBmAEuuAEKyAEF2AEB6AEB-AELqAID,sid=28e69b52be3281ae5b7ba8b2459908ad,checkin=2017-06-06,checkout=2017-06-08,ucfs=1,highlighted_blocks=18222615_94326686_2_0_0,all_sr_blocks=18222615_94326686_2_0_0,room1=A%2CA,hpos=32,dest_type=city,dest_id=20033173,srfid=4a03b0b55938edff661815f856f13538dd1a32faX127,from=searchresults,highlight_room=
"(-87.6050788184548, 41.7977625164491)",New Charming 2BR Townhouse,285,www.booking.com/hotel/us/new-charming-2br-townhouse.en-gb.html?label=gen173nr-1FCAQoggJCDWNpdHlfMjAwMzMxNzNIM2IFbm9yZWZyBXVzX2lsiAEBmAEuuAEKyAEF2AEB6AEB-AELqAID,sid=28e69b52be3281ae5b7ba8b2459908ad,checkin=2017-06-06,checkout=2017-06-08,ucfs=1,highlighted_blocks=177906401_97151263_4_0_0,all_sr_blocks=177906401_97151263_4_0_0,room1=A%2CA,hpos=33,dest_type=city,dest_id=20033173,srfid=4a03b0b55938edff661815f856f13538dd1a32faX128,from=searchresults,highlight_room=
"(-87.6785708220901, 41.9104689885641)",The Hollander,165,www.booking.com/hotel/us/the-hollander.en-gb.html?label=gen173nr-1FCAQoggJCDWNpdHlfMjAwMzMxNzNIM2IFbm9yZWZyBXVzX2lsiAEBmAEuuAEKyAEF2AEB6AEB-AELqAID,sid=28e69b52be3281ae5b7ba8b2459908ad,checkin=2017-06-06,checkout=2017-06-08,ucfs=1,highlighted_blocks=192780103_93825385_3_0_0,all_sr_blocks=192780103_93825385_3_0_0,room1=A%2CA,hpos=34,dest_type=city,dest_id=20033173,srfid=4a03b0b55938edff661815f856f13538dd1a32faX129,from=searchresults,highlight_room=
"(-87.629037, 41.87714114111)",Seagreen Apartment,299.5,www.booking.com/hotel/us/seagreen-apartment.en-gb.html?label=gen173nr-1FCAQoggJCDWNpdHlfMjAwMzMxNzNIM2IFbm9yZWZyBXVzX2lsiAEBmAEuuAEKyAEF2AEB6AEB-AELqAID,sid=28e69b52be3281ae5b7ba8b2459908ad,checkin=2017-06-06,checkout=2017-06-08,ucfs=1,highlighted_blocks=147782001_88763901_2_0_0,all_sr_blocks=147782001_88763901_2_0_0,room1=A%2CA,hpos=35,dest_type=city,dest_id=20033173,srfid=4a03b0b55938edff661815f856f13538dd1a32faX130,from=searchresults,highlight_room=
"(-87.6265816390514, 41.8889970849363)",Trump International Hotel & Tower Chicago,396,www.booking.com/hotel/us/trump-international-tower-chicago.en-gb.html?label=gen173nr-1FCAQoggJCDWNpdHlfMjAwMzMxNzNIM2IFbm9yZWZyBXVzX2lsiAEBmAEuuAEKyAEF2AEB6AEB-AELqAID,sid=28e69b52be3281ae5b7ba8b2459908ad,checkin=2017-06-06,checkout=2017-06-08,ucfs=1,highlighted_blocks=29566107_88763752_0_0_0,all_sr_blocks=29566107_88763752_0_0_0,room1=A%2CA,hpos=37,dest_type=city,dest_id=20033173,srfid=4a03b0b55938edff661815f856f13538dd1a32faX132,from=searchresults,highlight_room=
"(-87.6225502789021, 41.8235283066437)",Amber Inn Chicago,90,www.booking.com/hotel/us/amber-inn-chicago.en-gb.html?label=gen173nr-1FCAQoggJCDWNpdHlfMjAwMzMxNzNIM2IFbm9yZWZyBXVzX2lsiAEBmAEuuAEKyAEF2AEB6AEB-AELqAID,sid=28e69b52be3281ae5b7ba8b2459908ad,checkin=2017-06-06,checkout=2017-06-08,ucfs=1,highlighted_blocks=24531102_93275171_0_0_0,all_sr_blocks=24531102_93275171_0_0_0,room1=A%2CA,hpos=38,dest_type=city,dest_id=20033173,srfid=4a03b0b55938edff661815f856f13538dd1a32faX133,from=searchresults,highlight_room=
"(-87.6262313, 41.8676426)",Studio on East Roosevelt Road 705,285,www.booking.com/hotel/us/studio-on-east-roosevelt-road-705.en-gb.html?label=gen173nr-1FCAQoggJCDWNpdHlfMjAwMzMxNzNIM2IFbm9yZWZyBXVzX2lsiAEBmAEuuAEKyAEF2AEB6AEB-AELqAID,sid=28e69b52be3281ae5b7ba8b2459908ad,checkin=2017-06-06,checkout=2017-06-08,ucfs=1,highlighted_blocks=199734701_97144556_2_0_0,all_sr_blocks=199734701_97144556_2_0_0,room1=A%2CA,hpos=40,dest_type=city,dest_id=20033173,srfid=4a03b0b55938edff661815f856f13538dd1a32faX135,from=searchresults,highlight_room=
"(-87.629037111111, 41.877141)",Coffee Apartment,204.5,www.booking.com/hotel/us/coffee-apartment.en-gb.html?label=gen173nr-1FCAQoggJCDWNpdHlfMjAwMzMxNzNIM2IFbm9yZWZyBXVzX2lsiAEBmAEuuAEKyAEF2AEB6AEB-AELqAID,sid=28e69b52be3281ae5b7ba8b2459908ad,checkin=2017-06-06,checkout=2017-06-08,ucfs=1,highlighted_blocks=147777501_88763827_2_0_0,all_sr_blocks=147777501_88763827_2_0_0,room1=A%2CA,hpos=41,dest_type=city,dest_id=20033173,srfid=4a03b0b55938edff661815f856f13538dd1a32faX136,from=searchresults,highlight_room=
"(-87.6473070681095, 41.8774988036096)",Chicago Parthenon Hostel,138,www.booking.com/hotel/us/chicago-parthenon.en-gb.html?label=gen173nr-1FCAQoggJCDWNpdHlfMjAwMzMxNzNIM2IFbm9yZWZyBXVzX2lsiAEBmAEuuAEKyAEF2AEB6AEB-AELqAID,sid=28e69b52be3281ae5b7ba8b2459908ad,checkin=2017-06-06,checkout=2017-06-08,ucfs=1,highlighted_blocks=2675804_91453885_0_1_0,all_sr_blocks=2675804_91453885_0_1_0,room1=A%2CA,hpos=42,dest_type=city,dest_id=20033173,srfid=4a03b0b55938edff661815f856f13538dd1a32faX137,from=searchresults,highlight_room=
"(-87.6651182770729, 42.0167231792977)",Lang House B&B on Sheridan - Chicago,179,www.booking.com/hotel/us/lang-house-b-amp-b-on-sheridan-chicago.en-gb.html?label=gen173nr-1FCAQoggJCDWNpdHlfMjAwMzMxNzNIM2IFbm9yZWZyBXVzX2lsiAEBmAEuuAEKyAEF2AEB6AEB-AELqAID,sid=28e69b52be3281ae5b7ba8b2459908ad,checkin=2017-06-06,checkout=2017-06-08,ucfs=1,highlighted_blocks=84603204_97464999_2_1_0,all_sr_blocks=84603204_97464999_2_1_0,room1=A%2CA,hpos=43,dest_type=city,dest_id=20033173,srfid=4a03b0b55938edff661815f856f13538dd1a32faX138,from=searchresults,highlight_room=
"(-87.6511911750003, 41.83364497306)",Bridgeport Bed and Breakfast,220,www.booking.com/hotel/us/brdigeport-bed-and-breakfast.en-gb.html?label=gen173nr-1FCAQoggJCDWNpdHlfMjAwMzMxNzNIM2IFbm9yZWZyBXVzX2lsiAEBmAEuuAEKyAEF2AEB6AEB-AELqAID,sid=28e69b52be3281ae5b7ba8b2459908ad,checkin=2017-06-06,checkout=2017-06-08,ucfs=1,highlighted_blocks=53888801_88763737_2_1_0,all_sr_blocks=53888801_88763737_2_1_0,room1=A%2CA,hpos=44,dest_type=city,dest_id=20033173,srfid=4a03b0b55938edff661815f856f13538dd1a32faX139,from=searchresults,highlight_room=
"(-87.7377417683601, 41.7200139929026)",Gateway Inn,84,www.booking.com/hotel/us/gateway-inn-oak-lawn.en-gb.html?label=gen173nr-1FCAQoggJCDWNpdHlfMjAwMzMxNzNIM2IFbm9yZWZyBXVzX2lsiAEBmAEuuAEKyAEF2AEB6AEB-AELqAID,sid=28e69b52be3281ae5b7ba8b2459908ad,checkin=2017-06-06,checkout=2017-06-08,ucfs=1,highlighted_blocks=165558503_89928438_2_1_0,all_sr_blocks=165558503_89928438_2_1_0,room1=A%2CA,hpos=45,dest_type=city,dest_id=20033173,srfid=4a03b0b55938edff661815f856f13538dd1a32faX140,from=searchresults,highlight_room=
"(-87.6837213441803, 41.8792911970465)",Townhouse on Oakley Boulevard,395,www.booking.com/hotel/us/townhouse-on-oakley-boulevard.en-gb.html?label=gen173nr-1FCAQoggJCDWNpdHlfMjAwMzMxNzNIM2IFbm9yZWZyBXVzX2lsiAEBmAEuuAEKyAEF2AEB6AEB-AELqAID,sid=28e69b52be3281ae5b7ba8b2459908ad,checkin=2017-06-06,checkout=2017-06-08,ucfs=1,highlighted_blocks=200024901_97144124_12_0_0,all_sr_blocks=200024901_97144124_12_0_0,room1=A%2CA,hpos=1,dest_type=city,dest_id=20033173,srfid=4a03b0b55938edff661815f856f13538dd1a32faX136,from=searchresults,highlight_room=
"(-87.629037, 41.87714112211)",Maroon Apartment,299.5,www.booking.com/hotel/us/maroon-apartment.en-gb.html?label=gen173nr-1FCAQoggJCDWNpdHlfMjAwMzMxNzNIM2IFbm9yZWZyBXVzX2lsiAEBmAEuuAEKyAEF2AEB6AEB-AELqAID,sid=28e69b52be3281ae5b7ba8b2459908ad,checkin=2017-06-06,checkout=2017-06-08,ucfs=1,highlighted_blocks=147779901_88763870_2_0_0,all_sr_blocks=147779901_88763870_2_0_0,room1=A%2CA,hpos=2,dest_type=city,dest_id=20033173,srfid=4a03b0b55938edff661815f856f13538dd1a32faX137,from=searchresults,highlight_room=
"(-87.65541331, 41.92988211)",Apartments in Lincoln Park 2F,362,www.booking.com/hotel/us/apartments-in-lincoln-park-2f.en-gb.html?label=gen173nr-1FCAQoggJCDWNpdHlfMjAwMzMxNzNIM2IFbm9yZWZyBXVzX2lsiAEBmAEuuAEKyAEF2AEB6AEB-AELqAID,sid=28e69b52be3281ae5b7ba8b2459908ad,checkin=2017-06-06,checkout=2017-06-08,ucfs=1,highlighted_blocks=189327701_97150786_0_0_0,all_sr_blocks=189327701_97150786_0_0_0,room1=A%2CA,hpos=4,dest_type=city,dest_id=20033173,srfid=4a03b0b55938edff661815f856f13538dd1a32faX139,from=searchresults,highlight_room=
"(-87.6438952982426, 41.9327856177213)",Inn at Lincoln Park,179,www.booking.com/hotel/us/inn-at-lincoln-park.en-gb.html?label=gen173nr-1FCAQoggJCDWNpdHlfMjAwMzMxNzNIM2IFbm9yZWZyBXVzX2lsiAEBmAEuuAEKyAEF2AEB6AEB-AELqAID,sid=28e69b52be3281ae5b7ba8b2459908ad,checkin=2017-06-06,checkout=2017-06-08,ucfs=1,highlighted_blocks=2853801_90117391_2_1_0,all_sr_blocks=2853801_90117391_2_1_0,room1=A%2CA,hpos=5,dest_type=city,dest_id=20033173,srfid=4a03b0b55938edff661815f856f13538dd1a32faX140,from=searchresults,highlight_room=
"(-87.629037, 41.8771411221)",Lemon Apartment,299.5,www.booking.com/hotel/us/lemon-apartment.en-gb.html?label=gen173nr-1FCAQoggJCDWNpdHlfMjAwMzMxNzNIM2IFbm9yZWZyBXVzX2lsiAEBmAEuuAEKyAEF2AEB6AEB-AELqAID,sid=28e69b52be3281ae5b7ba8b2459908ad,checkin=2017-06-06,checkout=2017-06-08,ucfs=1,highlighted_blocks=147779701_88763868_2_0_0,all_sr_blocks=147779701_88763868_2_0_0,room1=A%2CA,hpos=6,dest_type=city,dest_id=20033173,srfid=4a03b0b55938edff661815f856f13538dd1a32faX141,from=searchresults,highlight_room=
"(-87.6290371111111, 41.877141)",Cornsilk Apartment,204.5,www.booking.com/hotel/us/cornsilk-apartment.en-gb.html?label=gen173nr-1FCAQoggJCDWNpdHlfMjAwMzMxNzNIM2IFbm9yZWZyBXVzX2lsiAEBmAEuuAEKyAEF2AEB6AEB-AELqAID,sid=28e69b52be3281ae5b7ba8b2459908ad,checkin=2017-06-06,checkout=2017-06-08,ucfs=1,highlighted_blocks=147777701_88763834_2_0_0,all_sr_blocks=147777701_88763834_2_0_0,room1=A%2CA,hpos=7,dest_type=city,dest_id=20033173,srfid=4a03b0b55938edff661815f856f13538dd1a32faX142,from=searchresults,highlight_room=
"(-87.6215413883438, 41.828415688187)",Chicago Daily Rentals,175,www.booking.com/hotel/us/chicago-daily-rentals-hostel.en-gb.html?label=gen173nr-1FCAQoggJCDWNpdHlfMjAwMzMxNzNIM2IFbm9yZWZyBXVzX2lsiAEBmAEuuAEKyAEF2AEB6AEB-AELqAID,sid=28e69b52be3281ae5b7ba8b2459908ad,checkin=2017-06-06,checkout=2017-06-08,ucfs=1,highlighted_blocks=88331404_97556176_2_0_0,all_sr_blocks=88331404_97556176_2_0_0,room1=A%2CA,hpos=8,dest_type=city,dest_id=20033173,srfid=4a03b0b55938edff661815f856f13538dd1a32faX143,from=searchresults,highlight_room=
"(-87.6637553098217, 41.9490355179909)",Two-Bedroom Apartment on North Southport Avenue 3,296,www.booking.com/hotel/us/two-bedroom-apartment-on-north-southport-avenue-3.en-gb.html?label=gen173nr-1FCAQoggJCDWNpdHlfMjAwMzMxNzNIM2IFbm9yZWZyBXVzX2lsiAEBmAEuuAEKyAEF2AEB6AEB-AELqAID,sid=28e69b52be3281ae5b7ba8b2459908ad,checkin=2017-06-06,checkout=2017-06-08,ucfs=1,highlighted_blocks=197431401_97146314_7_0_0,all_sr_blocks=197431401_97146314_7_0_0,room1=A%2CA,hpos=9,dest_type=city,dest_id=20033173,srfid=4a03b0b55938edff661815f856f13538dd1a32faX144,from=searchresults,highlight_room=
"(-87.6290019533729, 41.8769830732774)",Chicago Old Colony,204.5,www.booking.com/hotel/us/explore-at-chicago.en-gb.html?label=gen173nr-1FCAQoggJCDWNpdHlfMjAwMzMxNzNIM2IFbm9yZWZyBXVzX2lsiAEBmAEuuAEKyAEF2AEB6AEB-AELqAID,sid=28e69b52be3281ae5b7ba8b2459908ad,checkin=2017-06-06,checkout=2017-06-08,ucfs=1,highlighted_blocks=146511005_87402925_0_0_0,all_sr_blocks=146511005_87402925_0_0_0,room1=A%2CA,hpos=10,dest_type=city,dest_id=20033173,srfid=4a03b0b55938edff661815f856f13538dd1a32faX145,from=searchresults,highlight_room=
"(-87.6653037576721, 41.925401)",Studio on West Fullerton Avenue B,186,www.booking.com/hotel/us/studio-on-west-fullerton-avenue-b.en-gb.html?label=gen173nr-1FCAQoggJCDWNpdHlfMjAwMzMxNzNIM2IFbm9yZWZyBXVzX2lsiAEBmAEuuAEKyAEF2AEB6AEB-AELqAID,sid=28e69b52be3281ae5b7ba8b2459908ad,checkin=2017-06-06,checkout=2017-06-08,ucfs=1,highlighted_blocks=203712801_97140734_2_0_0,all_sr_blocks=203712801_97140734_2_0_0,room1=A%2CA,hpos=11,dest_type=city,dest_id=20033173,srfid=4a03b0b55938edff661815f856f13538dd1a32faX146,from=searchresults,highlight_room=
"(-87.629037, 41.877141111)",Amazon Apartment,214.5,www.booking.com/hotel/us/amazon-apartment.en-gb.html?label=gen173nr-1FCAQoggJCDWNpdHlfMjAwMzMxNzNIM2IFbm9yZWZyBXVzX2lsiAEBmAEuuAEKyAEF2AEB6AEB-AELqAID,sid=28e69b52be3281ae5b7ba8b2459908ad,checkin=2017-06-06,checkout=2017-06-08,ucfs=1,highlighted_blocks=147776501_88763813_2_0_0,all_sr_blocks=147776501_88763813_2_0_0,room1=A%2CA,hpos=13,dest_type=city,dest_id=20033173,srfid=4a03b0b55938edff661815f856f13538dd1a32faX148,from=searchresults,highlight_room=
"(-87.6790334, 41.9430057)",Three-Bedroom in Roscoe Village 3,362,www.booking.com/hotel/us/three-bedroom-in-roscoe-village-3.en-gb.html?label=gen173nr-1FCAQoggJCDWNpdHlfMjAwMzMxNzNIM2IFbm9yZWZyBXVzX2lsiAEBmAEuuAEKyAEF2AEB6AEB-AELqAID,sid=28e69b52be3281ae5b7ba8b2459908ad,checkin=2017-06-06,checkout=2017-06-08,ucfs=1,highlighted_blocks=189328601_97150713_0_0_0,all_sr_blocks=189328601_97150713_0_0_0,room1=A%2CA,hpos=14,dest_type=city,dest_id=20033173,srfid=4a03b0b55938edff661815f856f13538dd1a32faX149,from=searchresults,highlight_room=
"(-87.6208859682083, 41.8862884455105)",Fairmont Chicago Millennium Park,375,www.booking.com/hotel/us/the-fairmont.en-gb.html?label=gen173nr-1FCAQoggJCDWNpdHlfMjAwMzMxNzNIM2IFbm9yZWZyBXVzX2lsiAEBmAEuuAEKyAEF2AEB6AEB-AELqAID,sid=28e69b52be3281ae5b7ba8b2459908ad,checkin=2017-06-06,checkout=2017-06-08,ucfs=1,highlighted_blocks=2317523_95147240_2_2_0,all_sr_blocks=2317523_95147240_2_2_0,room1=A%2CA,hpos=15,dest_type=city,dest_id=20033173,srfid=4a03b0b55938edff661815f856f13538dd1a32faX150,from=searchresults,highlight_room=
"(-87.6445846259593, 41.9268052020488)",Chicago Getaway Hostel,94,www.booking.com/hotel/us/arlington-house-international-hostel.en-gb.html?label=gen173nr-1FCAQoggJCDWNpdHlfMjAwMzMxNzNIM2IFbm9yZWZyBXVzX2lsiAEBmAEuuAEKyAEF2AEB6AEB-AELqAID,sid=28e69b52be3281ae5b7ba8b2459908ad,checkin=2017-06-06,checkout=2017-06-08,ucfs=1,highlighted_blocks=18072019_91911166_0_1_0,all_sr_blocks=18072019_91911166_0_1_0,room1=A%2CA,hpos=16,dest_type=city,dest_id=20033173,srfid=4a03b0b55938edff661815f856f13538dd1a32faX151,from=searchresults,highlight_room=
"(-87.629037, 41.877141141111)",Scarlet Apartment,299.5,www.booking.com/hotel/us/scarlet-apartment.en-gb.html?label=gen173nr-1FCAQoggJCDWNpdHlfMjAwMzMxNzNIM2IFbm9yZWZyBXVzX2lsiAEBmAEuuAEKyAEF2AEB6AEB-AELqAID,sid=28e69b52be3281ae5b7ba8b2459908ad,checkin=2017-06-06,checkout=2017-06-08,ucfs=1,highlighted_blocks=147782501_88763907_2_0_0,all_sr_blocks=147782501_88763907_2_0_0,room1=A%2CA,hpos=17,dest_type=city,dest_id=20033173,srfid=4a03b0b55938edff661815f856f13538dd1a32faX152,from=searchresults,highlight_room=
"(-87.6613159652, 42.0023485022)","Hampton Inn Chicago North-Loyola Station, Il",177.5,www.booking.com/hotel/us/hampton-inn-chicago-north-loyola-station-il.en-gb.html?label=gen173nr-1FCAQoggJCDWNpdHlfMjAwMzMxNzNIM2IFbm9yZWZyBXVzX2lsiAEBmAEuuAEKyAEF2AEB6AEB-AELqAID,sid=28e69b52be3281ae5b7ba8b2459908ad,checkin=2017-06-06,checkout=2017-06-08,ucfs=1,highlighted_blocks=195511608_94636584_4_1_0,all_sr_blocks=195511608_94636584_4_1_0,room1=A%2CA,hpos=18,dest_type=city,dest_id=20033173,srfid=4a03b0b55938edff661815f856f13538dd1a32faX153,from=searchresults,highlight_room=
"(-87.6696826817351, 41.9030096102686)",Holiday Jones,122,www.booking.com/hotel/us/holiday-jones.en-gb.html?label=gen173nr-1FCAQoggJCDWNpdHlfMjAwMzMxNzNIM2IFbm9yZWZyBXVzX2lsiAEBmAEuuAEKyAEF2AEB6AEB-AELqAID,sid=28e69b52be3281ae5b7ba8b2459908ad,checkin=2017-06-06,checkout=2017-06-08,ucfs=1,highlighted_blocks=58608210_89880213_0_1_0,all_sr_blocks=58608210_89880213_0_1_0,room1=A%2CA,hpos=19,dest_type=city,dest_id=20033173,srfid=4a03b0b55938edff661815f856f13538dd1a32faX154,from=searchresults,highlight_room=
"(-87.6290371411111, 41.877141)",Violet Apartment,299.5,www.booking.com/hotel/us/violet-apartment.en-gb.html?label=gen173nr-1FCAQoggJCDWNpdHlfMjAwMzMxNzNIM2IFbm9yZWZyBXVzX2lsiAEBmAEuuAEKyAEF2AEB6AEB-AELqAID,sid=28e69b52be3281ae5b7ba8b2459908ad,checkin=2017-06-06,checkout=2017-06-08,ucfs=1,highlighted_blocks=147782801_88763919_2_0_0,all_sr_blocks=147782801_88763919_2_0_0,room1=A%2CA,hpos=20,dest_type=city,dest_id=20033173,srfid=4a03b0b55938edff661815f856f13538dd1a32faX155,from=searchresults,highlight_room=
"(-87.629037, 41.8771411111111)",Cream Apartment,204.5,www.booking.com/hotel/us/cream-apartment.en-gb.html?label=gen173nr-1FCAQoggJCDWNpdHlfMjAwMzMxNzNIM2IFbm9yZWZyBXVzX2lsiAEBmAEuuAEKyAEF2AEB6AEB-AELqAID,sid=28e69b52be3281ae5b7ba8b2459908ad,checkin=2017-06-06,checkout=2017-06-08,ucfs=1,highlighted_blocks=147777601_88763828_2_0_0,all_sr_blocks=147777601_88763828_2_0_0,room1=A%2CA,hpos=22,dest_type=city,dest_id=20033173,srfid=4a03b0b55938edff661815f856f13538dd1a32faX157,from=searchresults,highlight_room=
"(-87.6652619, 41.9255048)",Three-Bedroom Apartments on Fullerton,373,www.booking.com/hotel/us/penthouse-on-fullerton-1446.en-gb.html?label=gen173nr-1FCAQoggJCDWNpdHlfMjAwMzMxNzNIM2IFbm9yZWZyBXVzX2lsiAEBmAEuuAEKyAEF2AEB6AEB-AELqAID,sid=28e69b52be3281ae5b7ba8b2459908ad,checkin=2017-06-06,checkout=2017-06-08,ucfs=1,highlighted_blocks=168347102_97151339_0_0_0,all_sr_blocks=168347102_97151339_0_0_0,room1=A%2CA,hpos=23,dest_type=city,dest_id=20033173,srfid=4a03b0b55938edff661815f856f13538dd1a32faX158,from=searchresults,highlight_room=
"(-87.629037122, 41.877141)",Lavender Apartment,299.5,www.booking.com/hotel/us/lavender-apartment.en-gb.html?label=gen173nr-1FCAQoggJCDWNpdHlfMjAwMzMxNzNIM2IFbm9yZWZyBXVzX2lsiAEBmAEuuAEKyAEF2AEB6AEB-AELqAID,sid=28e69b52be3281ae5b7ba8b2459908ad,checkin=2017-06-06,checkout=2017-06-08,ucfs=1,highlighted_blocks=147779601_88763867_2_0_0,all_sr_blocks=147779601_88763867_2_0_0,room1=A%2CA,hpos=24,dest_type=city,dest_id=20033173,srfid=4a03b0b55938edff661815f856f13538dd1a32faX159,from=searchresults,highlight_room=
"(-87.6492232, 41.9514904)",Four-Bedroom on Grace Street,395,www.booking.com/hotel/us/four-bedroom-on-grace-street.en-gb.html?label=gen173nr-1FCAQoggJCDWNpdHlfMjAwMzMxNzNIM2IFbm9yZWZyBXVzX2lsiAEBmAEuuAEKyAEF2AEB6AEB-AELqAID,sid=28e69b52be3281ae5b7ba8b2459908ad,checkin=2017-06-06,checkout=2017-06-08,ucfs=1,highlighted_blocks=183640001_97150975_0_0_0,all_sr_blocks=183640001_97150975_0_0_0,room1=A%2CA,hpos=25,dest_type=city,dest_id=20033173,srfid=4a03b0b55938edff661815f856f13538dd1a32faX160,from=searchresults,highlight_room=
"(-87.6257380843163, 41.8931651501555)",The James Chicago,349,www.booking.com/hotel/us/the-james.en-gb.html?label=gen173nr-1FCAQoggJCDWNpdHlfMjAwMzMxNzNIM2IFbm9yZWZyBXVzX2lsiAEBmAEuuAEKyAEF2AEB6AEB-AELqAID,sid=28e69b52be3281ae5b7ba8b2459908ad,checkin=2017-06-06,checkout=2017-06-08,ucfs=1,highlighted_blocks=5668802_88763688_2_0_0,all_sr_blocks=5668802_88763688_2_0_0,room1=A%2CA,hpos=26,dest_type=city,dest_id=20033173,srfid=4a03b0b55938edff661815f856f13538dd1a32faX161,from=searchresults,highlight_room=
"(-87.629037, 41.87714112111)",Fire Apartment,204.5,www.booking.com/hotel/us/fire-apartment.en-gb.html?label=gen173nr-1FCAQoggJCDWNpdHlfMjAwMzMxNzNIM2IFbm9yZWZyBXVzX2lsiAEBmAEuuAEKyAEF2AEB6AEB-AELqAID,sid=28e69b52be3281ae5b7ba8b2459908ad,checkin=2017-06-06,checkout=2017-06-08,ucfs=1,highlighted_blocks=147778801_88763850_2_0_0,all_sr_blocks=147778801_88763850_2_0_0,room1=A%2CA,hpos=28,dest_type=city,dest_id=20033173,srfid=4a03b0b55938edff661815f856f13538dd1a32faX163,from=searchresults,highlight_room=
"(-87.677949, 41.919159)",Apartments on N. Damen Avenue,373,www.booking.com/hotel/us/apartments-on-n-damen-avenue.en-gb.html?label=gen173nr-1FCAQoggJCDWNpdHlfMjAwMzMxNzNIM2IFbm9yZWZyBXVzX2lsiAEBmAEuuAEKyAEF2AEB6AEB-AELqAID,sid=28e69b52be3281ae5b7ba8b2459908ad,checkin=2017-06-06,checkout=2017-06-08,ucfs=1,highlighted_blocks=183639702_97825620_0_0_0,all_sr_blocks=183639702_97825620_0_0_0,room1=A%2CA,hpos=29,dest_type=city,dest_id=20033173,srfid=4a03b0b55938edff661815f856f13538dd1a32faX164,from=searchresults,highlight_room=
"(-87.740017, 41.7277324)",Miami Inn & Suites,55,www.booking.com/hotel/us/miami-inn-amp-suites.en-gb.html?label=gen173nr-1FCAQoggJCDWNpdHlfMjAwMzMxNzNIM2IFbm9yZWZyBXVzX2lsiAEBmAEuuAEKyAEF2AEB6AEB-AELqAID,sid=28e69b52be3281ae5b7ba8b2459908ad,checkin=2017-06-06,checkout=2017-06-08,ucfs=1,highlighted_blocks=144055002_89542647_2_0_0,all_sr_blocks=144055002_89542647_2_0_0,room1=A%2CA,hpos=31,dest_type=city,dest_id=20033173,srfid=4a03b0b55938edff661815f856f13538dd1a32faX166,from=searchresults,highlight_room=
"(-87.68157574, 41.90285664)",Apartment on West Division Street 2F,296,www.booking.com/hotel/us/apartment-on-west-division-street-2f.en-gb.html?label=gen173nr-1FCAQoggJCDWNpdHlfMjAwMzMxNzNIM2IFbm9yZWZyBXVzX2lsiAEBmAEuuAEKyAEF2AEB6AEB-AELqAID,sid=28e69b52be3281ae5b7ba8b2459908ad,checkin=2017-06-06,checkout=2017-06-08,ucfs=1,highlighted_blocks=196717201_97146769_0_0_0,all_sr_blocks=196717201_97146769_0_0_0,room1=A%2CA,hpos=32,dest_type=city,dest_id=20033173,srfid=4a03b0b55938edff661815f856f13538dd1a32faX167,from=searchresults,highlight_room=
"(-87.629037, 41.877141143)",Yellow Apartment,204.5,www.booking.com/hotel/us/yellow-apartment.en-gb.html?label=gen173nr-1FCAQoggJCDWNpdHlfMjAwMzMxNzNIM2IFbm9yZWZyBXVzX2lsiAEBmAEuuAEKyAEF2AEB6AEB-AELqAID,sid=28e69b52be3281ae5b7ba8b2459908ad,checkin=2017-06-06,checkout=2017-06-08,ucfs=1,highlighted_blocks=147782907_88763920_0_0_0,all_sr_blocks=147782907_88763920_0_0_0,room1=A%2CA,hpos=34,dest_type=city,dest_id=20033173,srfid=4a03b0b55938edff661815f856f13538dd1a32faX169,from=searchresults,highlight_room=
"(-87.629037111, 41.877141)",Amber Apartment,214.5,www.booking.com/hotel/us/amber-apartment.en-gb.html?label=gen173nr-1FCAQoggJCDWNpdHlfMjAwMzMxNzNIM2IFbm9yZWZyBXVzX2lsiAEBmAEuuAEKyAEF2AEB6AEB-AELqAID,sid=28e69b52be3281ae5b7ba8b2459908ad,checkin=2017-06-06,checkout=2017-06-08,ucfs=1,highlighted_blocks=147776601_88763810_2_0_0,all_sr_blocks=147776601_88763810_2_0_0,room1=A%2CA,hpos=35,dest_type=city,dest_id=20033173,srfid=4a03b0b55938edff661815f856f13538dd1a32faX170,from=searchresults,highlight_room=
"(-87.6781712472439, 41.9123966234657)",Urban Holiday Lofts,114.5,www.booking.com/hotel/us/urban-holiday-lofts.en-gb.html?label=gen173nr-1FCAQoggJCDWNpdHlfMjAwMzMxNzNIM2IFbm9yZWZyBXVzX2lsiAEBmAEuuAEKyAEF2AEB6AEB-AELqAID,sid=28e69b52be3281ae5b7ba8b2459908ad,checkin=2017-06-06,checkout=2017-06-08,ucfs=1,highlighted_blocks=38452205_96722124_0_1_0,all_sr_blocks=38452205_96722124_0_1_0,room1=A%2CA,hpos=36,dest_type=city,dest_id=20033173,srfid=4a03b0b55938edff661815f856f13538dd1a32faX171,from=searchresults,highlight_room=
"(-87.629037121111, 41.877141)",Indigo Apartment,204.5,www.booking.com/hotel/us/indigo-apartment.en-gb.html?label=gen173nr-1FCAQoggJCDWNpdHlfMjAwMzMxNzNIM2IFbm9yZWZyBXVzX2lsiAEBmAEuuAEKyAEF2AEB6AEB-AELqAID,sid=28e69b52be3281ae5b7ba8b2459908ad,checkin=2017-06-06,checkout=2017-06-08,ucfs=1,highlighted_blocks=147779201_88763859_2_0_0,all_sr_blocks=147779201_88763859_2_0_0,room1=A%2CA,hpos=37,dest_type=city,dest_id=20033173,srfid=4a03b0b55938edff661815f856f13538dd1a32faX172,from=searchresults,highlight_room=
"(-87.629037, 41.87714111)",Aero Apartment,214.5,www.booking.com/hotel/us/aero-apartment.en-gb.html?label=gen173nr-1FCAQoggJCDWNpdHlfMjAwMzMxNzNIM2IFbm9yZWZyBXVzX2lsiAEBmAEuuAEKyAEF2AEB6AEB-AELqAID,sid=28e69b52be3281ae5b7ba8b2459908ad,checkin=2017-06-06,checkout=2017-06-08,ucfs=1,highlighted_blocks=147776301_88763806_2_0_0,all_sr_blocks=147776301_88763806_2_0_0,room1=A%2CA,hpos=38,dest_type=city,dest_id=20033173,srfid=4a03b0b55938edff661815f856f13538dd1a32faX173,from=searchresults,highlight_room=
"(-87.6489108, 41.9436146)",Apartments on North Halsted Avenue,263,www.booking.com/hotel/us/three-bedroom-on-halstead-threethree57.en-gb.html?label=gen173nr-1FCAQoggJCDWNpdHlfMjAwMzMxNzNIM2IFbm9yZWZyBXVzX2lsiAEBmAEuuAEKyAEF2AEB6AEB-AELqAID,sid=28e69b52be3281ae5b7ba8b2459908ad,checkin=2017-06-06,checkout=2017-06-08,ucfs=1,highlighted_blocks=168346801_97655224_0_0_0,all_sr_blocks=168346801_97655224_0_0_0,room1=A%2CA,hpos=40,dest_type=city,dest_id=20033173,srfid=4a03b0b55938edff661815f856f13538dd1a32faX175,from=searchresults,highlight_room=
"(-87.6643181, 41.9491375)",Apartment on N Southport Avenue 3,268.5,www.booking.com/hotel/us/apartment-on-n-southport-avenue-3.en-gb.html?label=gen173nr-1FCAQoggJCDWNpdHlfMjAwMzMxNzNIM2IFbm9yZWZyBXVzX2lsiAEBmAEuuAEKyAEF2AEB6AEB-AELqAID,sid=28e69b52be3281ae5b7ba8b2459908ad,checkin=2017-06-06,checkout=2017-06-08,ucfs=1,highlighted_blocks=196705001_97148707_0_0_0,all_sr_blocks=196705001_97148707_0_0_0,room1=A%2CA,hpos=41,dest_type=city,dest_id=20033173,srfid=4a03b0b55938edff661815f856f13538dd1a32faX176,from=searchresults,highlight_room=
"(-87.7075889, 41.9251071)",Stan Mansion Suite,198,www.booking.com/hotel/us/stan-mansion-suite.en-gb.html?label=gen173nr-1FCAQoggJCDWNpdHlfMjAwMzMxNzNIM2IFbm9yZWZyBXVzX2lsiAEBmAEuuAEKyAEF2AEB6AEB-AELqAID,sid=28e69b52be3281ae5b7ba8b2459908ad,checkin=2017-06-06,checkout=2017-06-08,ucfs=1,highlighted_blocks=141818001_95610085_4_0_0,all_sr_blocks=141818001_95610085_4_0_0,room1=A%2CA,hpos=42,dest_type=city,dest_id=20033173,srfid=4a03b0b55938edff661815f856f13538dd1a32faX177,from=searchresults,highlight_room=
"(-87.6780101723526, 41.9105544512029)",The Robey,259.5,www.booking.com/hotel/us/the-robey.en-gb.html?label=gen173nr-1FCAQoggJCDWNpdHlfMjAwMzMxNzNIM2IFbm9yZWZyBXVzX2lsiAEBmAEuuAEKyAEF2AEB6AEB-AELqAID,sid=28e69b52be3281ae5b7ba8b2459908ad,checkin=2017-06-06,checkout=2017-06-08,ucfs=1,highlighted_blocks=190823901_92877915_0_2_0,all_sr_blocks=190823901_92877915_0_2_0,room1=A%2CA,hpos=44,dest_type=city,dest_id=20033173,srfid=4a03b0b55938edff661815f856f13538dd1a32faX179,from=searchresults,highlight_room=
"(-87.62903711111, 41.877141)",Coral Apartment,204.5,www.booking.com/hotel/us/coral-apartment.en-gb.html?label=gen173nr-1FCAQoggJCDWNpdHlfMjAwMzMxNzNIM2IFbm9yZWZyBXVzX2lsiAEBmAEuuAEKyAEF2AEB6AEB-AELqAID,sid=28e69b52be3281ae5b7ba8b2459908ad,checkin=2017-06-06,checkout=2017-06-08,ucfs=1,highlighted_blocks=147777101_88763833_2_0_0,all_sr_blocks=147777101_88763833_2_0_0,room1=A%2CA,hpos=45,dest_type=city,dest_id=20033173,srfid=4a03b0b55938edff661815f856f13538dd1a32faX180,from=searchresults,highlight_room=
